Date as of,First week,Last week,State,County name,FIPS County Code,Urban Rural Code,Deaths involving COVID-19,Deaths from All Causes
11/04/2020,02/01/2020,10/31/2020,AK,Anchorage Borough,2020,Medium metro,48,1544
11/04/2020,02/01/2020,10/31/2020,AK,Fairbanks North Star Borough,2090,Small metro,14,368
11/04/2020,02/01/2020,10/31/2020,AL,Autauga County,1001,Medium metro,27,386
11/04/2020,02/01/2020,10/31/2020,AL,Baldwin County,1003,Small metro,85,1664
11/04/2020,02/01/2020,10/31/2020,AL,Barbour County,1005,Noncore,13,205
11/04/2020,02/01/2020,10/31/2020,AL,Bibb County,1007,Large fringe metro,18,143
11/04/2020,02/01/2020,10/31/2020,AL,Blount County,1009,Large fringe metro,12,377
11/04/2020,02/01/2020,10/31/2020,AL,Butler County,1013,Noncore,27,170
11/04/2020,02/01/2020,10/31/2020,AL,Calhoun County,1015,Small metro,102,1205
11/04/2020,02/01/2020,10/31/2020,AL,Chambers County,1017,Micropolitan,10,288
11/04/2020,02/01/2020,10/31/2020,AL,Cherokee County,1019,Noncore,10,230
11/04/2020,02/01/2020,10/31/2020,AL,Chilton County,1021,Large fringe metro,18,308
11/04/2020,02/01/2020,10/31/2020,AL,Clay County,1027,Noncore,28,150
11/04/2020,02/01/2020,10/31/2020,AL,Coffee County,1031,Micropolitan,12,391
11/04/2020,02/01/2020,10/31/2020,AL,Colbert County,1033,Small metro,41,484
11/04/2020,02/01/2020,10/31/2020,AL,Covington County,1039,Noncore,56,433
11/04/2020,02/01/2020,10/31/2020,AL,Crenshaw County,1041,Noncore,26,154
11/04/2020,02/01/2020,10/31/2020,AL,Cullman County,1043,Micropolitan,34,779
11/04/2020,02/01/2020,10/31/2020,AL,Dale County,1045,Micropolitan,53,367
11/04/2020,02/01/2020,10/31/2020,AL,Dallas County,1047,Micropolitan,46,366
11/04/2020,02/01/2020,10/31/2020,AL,DeKalb County,1049,Noncore,21,525
11/04/2020,02/01/2020,10/31/2020,AL,Elmore County,1051,Medium metro,35,523
11/04/2020,02/01/2020,10/31/2020,AL,Escambia County,1053,Noncore,21,287
11/04/2020,02/01/2020,10/31/2020,AL,Etowah County,1055,Small metro,139,1276
11/04/2020,02/01/2020,10/31/2020,AL,Franklin County,1059,Noncore,13,229
11/04/2020,02/01/2020,10/31/2020,AL,Houston County,1069,Small metro,253,1569
11/04/2020,02/01/2020,10/31/2020,AL,Jackson County,1071,Micropolitan,18,480
11/04/2020,02/01/2020,10/31/2020,AL,Jefferson County,1073,Large central metro,654,7657
11/04/2020,02/01/2020,10/31/2020,AL,Lauderdale County,1077,Small metro,77,1113
11/04/2020,02/01/2020,10/31/2020,AL,Lee County,1081,Small metro,150,1013
11/04/2020,02/01/2020,10/31/2020,AL,Limestone County,1083,Medium metro,37,620
11/04/2020,02/01/2020,10/31/2020,AL,Madison County,1089,Medium metro,162,3209
11/04/2020,02/01/2020,10/31/2020,AL,Marengo County,1091,Noncore,16,184
11/04/2020,02/01/2020,10/31/2020,AL,Marion County,1093,Noncore,25,304
11/04/2020,02/01/2020,10/31/2020,AL,Marshall County,1095,Micropolitan,54,924
11/04/2020,02/01/2020,10/31/2020,AL,Mobile County,1097,Medium metro,443,4141
11/04/2020,02/01/2020,10/31/2020,AL,Montgomery County,1101,Medium metro,358,2475
11/04/2020,02/01/2020,10/31/2020,AL,Morgan County,1103,Small metro,60,1035
11/04/2020,02/01/2020,10/31/2020,AL,Pike County,1109,Micropolitan,16,227
11/04/2020,02/01/2020,10/31/2020,AL,Randolph County,1111,Noncore,11,170
11/04/2020,02/01/2020,10/31/2020,AL,Russell County,1113,Medium metro,12,295
11/04/2020,02/01/2020,10/31/2020,AL,St. Clair County,1115,Large fringe metro,43,612
11/04/2020,02/01/2020,10/31/2020,AL,Shelby County,1117,Large fringe metro,88,1123
11/04/2020,02/01/2020,10/31/2020,AL,Talladega County,1121,Micropolitan,32,663
11/04/2020,02/01/2020,10/31/2020,AL,Tallapoosa County,1123,Noncore,70,420
11/04/2020,02/01/2020,10/31/2020,AL,Tuscaloosa County,1125,Small metro,237,1836
11/04/2020,02/01/2020,10/31/2020,AL,Walker County,1127,Large fringe metro,72,797
11/04/2020,02/01/2020,10/31/2020,AL,Washington County,1129,Noncore,10,99
11/04/2020,02/01/2020,10/31/2020,AL,Winston County,1133,Noncore,10,213
11/04/2020,02/01/2020,10/31/2020,AR,Baxter County,5005,Micropolitan,25,690
11/04/2020,02/01/2020,10/31/2020,AR,Benton County,5007,Medium metro,142,1475
11/04/2020,02/01/2020,10/31/2020,AR,Boone County,5009,Micropolitan,24,341
11/04/2020,02/01/2020,10/31/2020,AR,Chicot County,5017,Noncore,12,85
11/04/2020,02/01/2020,10/31/2020,AR,Columbia County,5027,Micropolitan,18,211
11/04/2020,02/01/2020,10/31/2020,AR,Craighead County,5031,Small metro,162,1646
11/04/2020,02/01/2020,10/31/2020,AR,Crittenden County,5035,Large fringe metro,21,284
11/04/2020,02/01/2020,10/31/2020,AR,Faulkner County,5045,Medium metro,47,835
11/04/2020,02/01/2020,10/31/2020,AR,Garland County,5051,Small metro,97,1387
11/04/2020,02/01/2020,10/31/2020,AR,Howard County,5061,Noncore,10,120
11/04/2020,02/01/2020,10/31/2020,AR,Independence County,5063,Micropolitan,59,422
11/04/2020,02/01/2020,10/31/2020,AR,Jefferson County,5069,Small metro,102,769
11/04/2020,02/01/2020,10/31/2020,AR,Little River County,5081,Small metro,25,124
11/04/2020,02/01/2020,10/31/2020,AR,Lonoke County,5085,Medium metro,13,353
11/04/2020,02/01/2020,10/31/2020,AR,Mississippi County,5093,Micropolitan,22,296
11/04/2020,02/01/2020,10/31/2020,AR,Newton County,5101,Micropolitan,13,80
11/04/2020,02/01/2020,10/31/2020,AR,Pope County,5115,Micropolitan,22,517
11/04/2020,02/01/2020,10/31/2020,AR,Pulaski County,5119,Medium metro,352,5018
11/04/2020,02/01/2020,10/31/2020,AR,Randolph County,5121,Noncore,13,127
11/04/2020,02/01/2020,10/31/2020,AR,Saline County,5125,Medium metro,29,705
11/04/2020,02/01/2020,10/31/2020,AR,Sebastian County,5131,Medium metro,136,1777
11/04/2020,02/01/2020,10/31/2020,AR,Stone County,5137,Noncore,13,130
11/04/2020,02/01/2020,10/31/2020,AR,Union County,5139,Micropolitan,49,431
11/04/2020,02/01/2020,10/31/2020,AR,Washington County,5143,Medium metro,181,1859
11/04/2020,02/01/2020,10/31/2020,AR,White County,5145,Micropolitan,37,714
11/04/2020,02/01/2020,10/31/2020,AZ,Apache County,4001,Noncore,42,421
11/04/2020,02/01/2020,10/31/2020,AZ,Cochise County,4003,Small metro,31,844
11/04/2020,02/01/2020,10/31/2020,AZ,Coconino County,4005,Small metro,131,988
11/04/2020,02/01/2020,10/31/2020,AZ,Gila County,4007,Micropolitan,34,563
11/04/2020,02/01/2020,10/31/2020,AZ,Graham County,4009,Micropolitan,23,237
11/04/2020,02/01/2020,10/31/2020,AZ,Maricopa County,4013,Large central metro,3544,32851
11/04/2020,02/01/2020,10/31/2020,AZ,Mohave County,4015,Small metro,193,2739
11/04/2020,02/01/2020,10/31/2020,AZ,Navajo County,4017,Micropolitan,65,832
11/04/2020,02/01/2020,10/31/2020,AZ,Pima County,4019,Medium metro,746,9498
11/04/2020,02/01/2020,10/31/2020,AZ,Pinal County,4021,Large fringe metro,86,2063
11/04/2020,02/01/2020,10/31/2020,AZ,Yavapai County,4025,Small metro,83,2469
11/04/2020,02/01/2020,10/31/2020,AZ,Yuma County,4027,Small metro,312,1697
11/04/2020,02/01/2020,10/31/2020,CA,Alameda County,6001,Large central metro,448,8259
11/04/2020,02/01/2020,10/31/2020,CA,Amador County,6005,Noncore,28,327
11/04/2020,02/01/2020,10/31/2020,CA,Butte County,6007,Small metro,52,1692
11/04/2020,02/01/2020,10/31/2020,CA,Calaveras County,6009,Noncore,11,288
11/04/2020,02/01/2020,10/31/2020,CA,Contra Costa County,6013,Large fringe metro,219,6143
11/04/2020,02/01/2020,10/31/2020,CA,Fresno County,6019,Medium metro,438,6310
11/04/2020,02/01/2020,10/31/2020,CA,Imperial County,6025,Small metro,192,954
11/04/2020,02/01/2020,10/31/2020,CA,Inyo County,6027,Noncore,14,146
11/04/2020,02/01/2020,10/31/2020,CA,Kern County,6029,Medium metro,426,5226
11/04/2020,02/01/2020,10/31/2020,CA,Kings County,6031,Small metro,120,766
11/04/2020,02/01/2020,10/31/2020,CA,Lake County,6033,Micropolitan,14,495
11/04/2020,02/01/2020,10/31/2020,CA,Los Angeles County,6037,Large central metro,6300,57093
11/04/2020,02/01/2020,10/31/2020,CA,Madera County,6039,Small metro,91,790
11/04/2020,02/01/2020,10/31/2020,CA,Marin County,6041,Large fringe metro,101,1550
11/04/2020,02/01/2020,10/31/2020,CA,Mendocino County,6045,Micropolitan,17,649
11/04/2020,02/01/2020,10/31/2020,CA,Merced County,6047,Medium metro,86,1225
11/04/2020,02/01/2020,10/31/2020,CA,Monterey County,6053,Medium metro,86,2114
11/04/2020,02/01/2020,10/31/2020,CA,Napa County,6055,Small metro,21,935
11/04/2020,02/01/2020,10/31/2020,CA,Orange County,6059,Large central metro,1375,17042
11/04/2020,02/01/2020,10/31/2020,CA,Placer County,6061,Large fringe metro,104,3010
11/04/2020,02/01/2020,10/31/2020,CA,Riverside County,6065,Large central metro,1361,14663
11/04/2020,02/01/2020,10/31/2020,CA,Sacramento County,6067,Large central metro,472,9793
11/04/2020,02/01/2020,10/31/2020,CA,San Bernardino County,6071,Large fringe metro,1221,13079
11/04/2020,02/01/2020,10/31/2020,CA,San Diego County,6073,Large central metro,1080,18293
11/04/2020,02/01/2020,10/31/2020,CA,San Francisco County,6075,Large central metro,152,4869
11/04/2020,02/01/2020,10/31/2020,CA,San Joaquin County,6077,Medium metro,465,4634
11/04/2020,02/01/2020,10/31/2020,CA,San Luis Obispo County,6079,Medium metro,30,1756
11/04/2020,02/01/2020,10/31/2020,CA,San Mateo County,6081,Large fringe metro,174,3601
11/04/2020,02/01/2020,10/31/2020,CA,Santa Barbara County,6083,Medium metro,135,2548
11/04/2020,02/01/2020,10/31/2020,CA,Santa Clara County,6085,Large central metro,365,8724
11/04/2020,02/01/2020,10/31/2020,CA,Santa Cruz County,6087,Medium metro,34,1264
11/04/2020,02/01/2020,10/31/2020,CA,Shasta County,6089,Small metro,32,1867
11/04/2020,02/01/2020,10/31/2020,CA,Solano County,6095,Medium metro,102,2627
11/04/2020,02/01/2020,10/31/2020,CA,Sonoma County,6097,Medium metro,147,3328
11/04/2020,02/01/2020,10/31/2020,CA,Stanislaus County,6099,Medium metro,504,4399
11/04/2020,02/01/2020,10/31/2020,CA,Tehama County,6103,Micropolitan,10,416
11/04/2020,02/01/2020,10/31/2020,CA,Tulare County,6107,Medium metro,288,2575
11/04/2020,02/01/2020,10/31/2020,CA,Ventura County,6111,Medium metro,178,4531
11/04/2020,02/01/2020,10/31/2020,CA,Yolo County,6113,Large fringe metro,46,914
11/04/2020,02/01/2020,10/31/2020,CA,Yuba County,6115,Small metro,19,593
11/04/2020,02/01/2020,10/31/2020,CO,Adams County,8001,Large fringe metro,315,3008
11/04/2020,02/01/2020,10/31/2020,CO,Arapahoe County,8005,Large fringe metro,427,3730
11/04/2020,02/01/2020,10/31/2020,CO,Boulder County,8013,Medium metro,97,1870
11/04/2020,02/01/2020,10/31/2020,CO,Broomfield County,8014,Large fringe metro,28,261
11/04/2020,02/01/2020,10/31/2020,CO,Chaffee County,8015,Noncore,17,148
11/04/2020,02/01/2020,10/31/2020,CO,Denver County,8031,Large central metro,339,4279
11/04/2020,02/01/2020,10/31/2020,CO,Douglas County,8035,Large fringe metro,73,1305
11/04/2020,02/01/2020,10/31/2020,CO,El Paso County,8041,Medium metro,199,4209
11/04/2020,02/01/2020,10/31/2020,CO,Jefferson County,8059,Large fringe metro,271,3948
11/04/2020,02/01/2020,10/31/2020,CO,Larimer County,8069,Medium metro,71,2074
11/04/2020,02/01/2020,10/31/2020,CO,Logan County,8075,Micropolitan,11,162
11/04/2020,02/01/2020,10/31/2020,CO,Mesa County,8077,Small metro,24,1456
11/04/2020,02/01/2020,10/31/2020,CO,Montrose County,8085,Micropolitan,14,330
11/04/2020,02/01/2020,10/31/2020,CO,Morgan County,8087,Micropolitan,40,203
11/04/2020,02/01/2020,10/31/2020,CO,Pueblo County,8101,Small metro,39,1636
11/04/2020,02/01/2020,10/31/2020,CO,Weld County,8123,Medium metro,127,1345
11/04/2020,02/01/2020,10/31/2020,CT,Fairfield County,9001,Medium metro,1457,6079
11/04/2020,02/01/2020,10/31/2020,CT,Hartford County,9003,Large central metro,1457,7307
11/04/2020,02/01/2020,10/31/2020,CT,Litchfield County,9005,Micropolitan,136,1132
11/04/2020,02/01/2020,10/31/2020,CT,Middlesex County,9007,Large fringe metro,180,1111
11/04/2020,02/01/2020,10/31/2020,CT,New Haven County,9009,Medium metro,1106,6945
11/04/2020,02/01/2020,10/31/2020,CT,New London County,9011,Medium metro,122,1655
11/04/2020,02/01/2020,10/31/2020,CT,Tolland County,9013,Large fringe metro,48,529
11/04/2020,02/01/2020,10/31/2020,CT,Windham County,9015,Medium metro,14,659
11/04/2020,02/01/2020,10/31/2020,DC,District of Columbia,11001,Large central metro,788,5391
11/04/2020,02/01/2020,10/31/2020,DE,Kent County,10001,Small metro,110,1454
11/04/2020,02/01/2020,10/31/2020,DE,New Castle County,10003,Large fringe metro,293,4147
11/04/2020,02/01/2020,10/31/2020,DE,Sussex County,10005,Medium metro,197,2080
11/04/2020,02/01/2020,10/31/2020,FL,Alachua County,12001,Medium metro,234,2949
11/04/2020,02/01/2020,10/31/2020,FL,Bay County,12005,Small metro,141,1615
11/04/2020,02/01/2020,10/31/2020,FL,Brevard County,12009,Medium metro,373,6128
11/04/2020,02/01/2020,10/31/2020,FL,Broward County,12011,Large fringe metro,1725,13719
11/04/2020,02/01/2020,10/31/2020,FL,Charlotte County,12015,Small metro,158,2439
11/04/2020,02/01/2020,10/31/2020,FL,Citrus County,12017,Small metro,92,2202
11/04/2020,02/01/2020,10/31/2020,FL,Clay County,12019,Large fringe metro,127,1824
11/04/2020,02/01/2020,10/31/2020,FL,Collier County,12021,Medium metro,274,3058
11/04/2020,02/01/2020,10/31/2020,FL,Columbia County,12023,Micropolitan,82,826
11/04/2020,02/01/2020,10/31/2020,FL,Duval County,12031,Large central metro,666,8533
11/04/2020,02/01/2020,10/31/2020,FL,Escambia County,12033,Medium metro,346,3934
11/04/2020,02/01/2020,10/31/2020,FL,Flagler County,12035,Medium metro,44,1181
11/04/2020,02/01/2020,10/31/2020,FL,Hendry County,12051,Micropolitan,16,158
11/04/2020,02/01/2020,10/31/2020,FL,Hernando County,12053,Large fringe metro,141,2367
11/04/2020,02/01/2020,10/31/2020,FL,Highlands County,12055,Small metro,120,1457
11/04/2020,02/01/2020,10/31/2020,FL,Hillsborough County,12057,Large central metro,870,10251
11/04/2020,02/01/2020,10/31/2020,FL,Indian River County,12061,Small metro,89,1784
11/04/2020,02/01/2020,10/31/2020,FL,Jackson County,12063,Noncore,54,453
11/04/2020,02/01/2020,10/31/2020,FL,Lake County,12069,Large fringe metro,234,3470
11/04/2020,02/01/2020,10/31/2020,FL,Lee County,12071,Medium metro,483,6340
11/04/2020,02/01/2020,10/31/2020,FL,Leon County,12073,Medium metro,259,2503
11/04/2020,02/01/2020,10/31/2020,FL,Manatee County,12081,Medium metro,348,3722
11/04/2020,02/01/2020,10/31/2020,FL,Marion County,12083,Medium metro,297,4361
11/04/2020,02/01/2020,10/31/2020,FL,Martin County,12085,Medium metro,238,1736
11/04/2020,02/01/2020,10/31/2020,FL,Miami-Dade County,12086,Large central metro,3357,19782
11/04/2020,02/01/2020,10/31/2020,FL,Monroe County,12087,Micropolitan,16,432
11/04/2020,02/01/2020,10/31/2020,FL,Nassau County,12089,Large fringe metro,17,546
11/04/2020,02/01/2020,10/31/2020,FL,Okaloosa County,12091,Small metro,129,1627
11/04/2020,02/01/2020,10/31/2020,FL,Okeechobee County,12093,Micropolitan,32,356
11/04/2020,02/01/2020,10/31/2020,FL,Orange County,12095,Large central metro,681,8409
11/04/2020,02/01/2020,10/31/2020,FL,Osceola County,12097,Large fringe metro,217,2146
11/04/2020,02/01/2020,10/31/2020,FL,Palm Beach County,12099,Large fringe metro,1593,13617
11/04/2020,02/01/2020,10/31/2020,FL,Pasco County,12101,Large fringe metro,194,5083
11/04/2020,02/01/2020,10/31/2020,FL,Pinellas County,12103,Large central metro,801,10531
11/04/2020,02/01/2020,10/31/2020,FL,Polk County,12105,Medium metro,552,6023
11/04/2020,02/01/2020,10/31/2020,FL,Putnam County,12107,Micropolitan,30,656
11/04/2020,02/01/2020,10/31/2020,FL,St. Johns County,12109,Large fringe metro,38,1367
11/04/2020,02/01/2020,10/31/2020,FL,St. Lucie County,12111,Medium metro,206,2822
11/04/2020,02/01/2020,10/31/2020,FL,Santa Rosa County,12113,Medium metro,43,950
11/04/2020,02/01/2020,10/31/2020,FL,Sarasota County,12115,Medium metro,335,4983
11/04/2020,02/01/2020,10/31/2020,FL,Seminole County,12117,Large fringe metro,176,2838
11/04/2020,02/01/2020,10/31/2020,FL,Sumter County,12119,Small metro,84,1895
11/04/2020,02/01/2020,10/31/2020,FL,Suwannee County,12121,Noncore,20,285
11/04/2020,02/01/2020,10/31/2020,FL,Union County,12125,Noncore,16,114
11/04/2020,02/01/2020,10/31/2020,FL,Volusia County,12127,Medium metro,339,6155
11/04/2020,02/01/2020,10/31/2020,FL,Walton County,12131,Small metro,35,513
11/04/2020,02/01/2020,10/31/2020,FL,Washington County,12133,Noncore,20,214
11/04/2020,02/01/2020,10/31/2020,GA,Appling County,13001,Noncore,16,118
11/04/2020,02/01/2020,10/31/2020,GA,Bacon County,13005,Noncore,20,122
11/04/2020,02/01/2020,10/31/2020,GA,Baldwin County,13009,Micropolitan,60,381
11/04/2020,02/01/2020,10/31/2020,GA,Barrow County,13013,Large fringe metro,19,326
11/04/2020,02/01/2020,10/31/2020,GA,Bartow County,13015,Large fringe metro,62,778
11/04/2020,02/01/2020,10/31/2020,GA,Ben Hill County,13017,Micropolitan,26,166
11/04/2020,02/01/2020,10/31/2020,GA,Berrien County,13019,Noncore,10,121
11/04/2020,02/01/2020,10/31/2020,GA,Bibb County,13021,Small metro,285,2323
11/04/2020,02/01/2020,10/31/2020,GA,Bleckley County,13023,Noncore,13,77
11/04/2020,02/01/2020,10/31/2020,GA,Bulloch County,13031,Micropolitan,53,549
11/04/2020,02/01/2020,10/31/2020,GA,Butts County,13035,Large fringe metro,20,189
11/04/2020,02/01/2020,10/31/2020,GA,Camden County,13039,Micropolitan,10,224
11/04/2020,02/01/2020,10/31/2020,GA,Candler County,13043,Noncore,17,108
11/04/2020,02/01/2020,10/31/2020,GA,Carroll County,13045,Large fringe metro,82,969
11/04/2020,02/01/2020,10/31/2020,GA,Chatham County,13051,Medium metro,262,2909
11/04/2020,02/01/2020,10/31/2020,GA,Cherokee County,13057,Large fringe metro,56,1074
11/04/2020,02/01/2020,10/31/2020,GA,Clarke County,13059,Small metro,134,1289
11/04/2020,02/01/2020,10/31/2020,GA,Clayton County,13063,Large fringe metro,64,1068
11/04/2020,02/01/2020,10/31/2020,GA,Cobb County,13067,Large fringe metro,440,4387
11/04/2020,02/01/2020,10/31/2020,GA,Coffee County,13069,Micropolitan,52,327
11/04/2020,02/01/2020,10/31/2020,GA,Colquitt County,13071,Micropolitan,47,458
11/04/2020,02/01/2020,10/31/2020,GA,Columbia County,13073,Medium metro,14,492
11/04/2020,02/01/2020,10/31/2020,GA,Coweta County,13077,Large fringe metro,53,801
11/04/2020,02/01/2020,10/31/2020,GA,Crisp County,13081,Micropolitan,35,261
11/04/2020,02/01/2020,10/31/2020,GA,Decatur County,13087,Micropolitan,18,242
11/04/2020,02/01/2020,10/31/2020,GA,DeKalb County,13089,Large fringe metro,301,3954
11/04/2020,02/01/2020,10/31/2020,GA,Dodge County,13091,Noncore,23,156
11/04/2020,02/01/2020,10/31/2020,GA,Dougherty County,13095,Small metro,215,1168
11/04/2020,02/01/2020,10/31/2020,GA,Douglas County,13097,Large fringe metro,39,612
11/04/2020,02/01/2020,10/31/2020,GA,Early County,13099,Noncore,14,103
11/04/2020,02/01/2020,10/31/2020,GA,Effingham County,13103,Medium metro,10,226
11/04/2020,02/01/2020,10/31/2020,GA,Emanuel County,13107,Noncore,39,203
11/04/2020,02/01/2020,10/31/2020,GA,Fayette County,13113,Large fringe metro,103,886
11/04/2020,02/01/2020,10/31/2020,GA,Floyd County,13115,Small metro,123,1342
11/04/2020,02/01/2020,10/31/2020,GA,Forsyth County,13117,Large fringe metro,79,1256
11/04/2020,02/01/2020,10/31/2020,GA,Franklin County,13119,Noncore,13,198
11/04/2020,02/01/2020,10/31/2020,GA,Fulton County,13121,Large central metro,704,7243
11/04/2020,02/01/2020,10/31/2020,GA,Glynn County,13127,Small metro,116,953
11/04/2020,02/01/2020,10/31/2020,GA,Gordon County,13129,Micropolitan,35,425
11/04/2020,02/01/2020,10/31/2020,GA,Grady County,13131,Noncore,17,156
11/04/2020,02/01/2020,10/31/2020,GA,Gwinnett County,13135,Large fringe metro,355,3396
11/04/2020,02/01/2020,10/31/2020,GA,Habersham County,13137,Micropolitan,33,308
11/04/2020,02/01/2020,10/31/2020,GA,Hall County,13139,Small metro,250,2184
11/04/2020,02/01/2020,10/31/2020,GA,Henry County,13151,Large fringe metro,106,1499
11/04/2020,02/01/2020,10/31/2020,GA,Houston County,13153,Small metro,81,1036
11/04/2020,02/01/2020,10/31/2020,GA,Jeff Davis County,13161,Noncore,16,136
11/04/2020,02/01/2020,10/31/2020,GA,Jefferson County,13163,Noncore,15,138
11/04/2020,02/01/2020,10/31/2020,GA,Jenkins County,13165,Noncore,14,69
11/04/2020,02/01/2020,10/31/2020,GA,Lamar County,13171,Large fringe metro,14,116
11/04/2020,02/01/2020,10/31/2020,GA,Laurens County,13175,Micropolitan,95,673
11/04/2020,02/01/2020,10/31/2020,GA,Lowndes County,13185,Small metro,152,985
11/04/2020,02/01/2020,10/31/2020,GA,Mitchell County,13205,Noncore,15,154
11/04/2020,02/01/2020,10/31/2020,GA,Monroe County,13207,Small metro,23,219
11/04/2020,02/01/2020,10/31/2020,GA,Muscogee County,13215,Medium metro,270,2294
11/04/2020,02/01/2020,10/31/2020,GA,Newton County,13217,Large fringe metro,54,616
11/04/2020,02/01/2020,10/31/2020,GA,Oconee County,13219,Small metro,18,274
11/04/2020,02/01/2020,10/31/2020,GA,Paulding County,13223,Large fringe metro,38,620
11/04/2020,02/01/2020,10/31/2020,GA,Pickens County,13227,Large fringe metro,15,294
11/04/2020,02/01/2020,10/31/2020,GA,Pulaski County,13235,Small metro,24,93
11/04/2020,02/01/2020,10/31/2020,GA,Putnam County,13237,Noncore,12,143
11/04/2020,02/01/2020,10/31/2020,GA,Richmond County,13245,Medium metro,367,3064
11/04/2020,02/01/2020,10/31/2020,GA,Rockdale County,13247,Large fringe metro,47,618
11/04/2020,02/01/2020,10/31/2020,GA,Spalding County,13255,Large fringe metro,98,931
11/04/2020,02/01/2020,10/31/2020,GA,Stephens County,13257,Micropolitan,24,257
11/04/2020,02/01/2020,10/31/2020,GA,Sumter County,13261,Micropolitan,48,282
11/04/2020,02/01/2020,10/31/2020,GA,Tattnall County,13267,Noncore,11,133
11/04/2020,02/01/2020,10/31/2020,GA,Thomas County,13275,Micropolitan,106,601
11/04/2020,02/01/2020,10/31/2020,GA,Tift County,13277,Micropolitan,120,530
11/04/2020,02/01/2020,10/31/2020,GA,Toombs County,13279,Micropolitan,62,414
11/04/2020,02/01/2020,10/31/2020,GA,Troup County,13285,Micropolitan,100,663
11/04/2020,02/01/2020,10/31/2020,GA,Union County,13291,Noncore,21,253
11/04/2020,02/01/2020,10/31/2020,GA,Upson County,13293,Micropolitan,86,436
11/04/2020,02/01/2020,10/31/2020,GA,Walker County,13295,Medium metro,16,435
11/04/2020,02/01/2020,10/31/2020,GA,Walton County,13297,Large fringe metro,50,661
11/04/2020,02/01/2020,10/31/2020,GA,Ware County,13299,Micropolitan,83,518
11/04/2020,02/01/2020,10/31/2020,GA,Washington County,13303,Noncore,14,145
11/04/2020,02/01/2020,10/31/2020,GA,Wayne County,13305,Micropolitan,29,260
11/04/2020,02/01/2020,10/31/2020,GA,Whitfield County,13313,Small metro,60,709
11/04/2020,02/01/2020,10/31/2020,HI,Hawaii County,15001,Micropolitan,41,1353
11/04/2020,02/01/2020,10/31/2020,HI,Honolulu County,15003,Medium metro,209,6284
11/04/2020,02/01/2020,10/31/2020,HI,Maui County,15009,Small metro,18,910
11/04/2020,02/01/2020,10/31/2020,IA,Black Hawk County,19013,Small metro,109,1109
11/04/2020,02/01/2020,10/31/2020,IA,Cerro Gordo County,19033,Micropolitan,34,559
11/04/2020,02/01/2020,10/31/2020,IA,Clinton County,19045,Micropolitan,32,359
11/04/2020,02/01/2020,10/31/2020,IA,Crawford County,19047,Noncore,10,117
11/04/2020,02/01/2020,10/31/2020,IA,Dallas County,19049,Medium metro,40,340
11/04/2020,02/01/2020,10/31/2020,IA,Delaware County,19055,Noncore,15,126
11/04/2020,02/01/2020,10/31/2020,IA,Des Moines County,19057,Micropolitan,18,382
11/04/2020,02/01/2020,10/31/2020,IA,Dubuque County,19061,Small metro,63,765
11/04/2020,02/01/2020,10/31/2020,IA,Emmet County,19063,Noncore,18,104
11/04/2020,02/01/2020,10/31/2020,IA,Franklin County,19069,Noncore,10,83
11/04/2020,02/01/2020,10/31/2020,IA,Guthrie County,19077,Medium metro,11,73
11/04/2020,02/01/2020,10/31/2020,IA,Harrison County,19085,Medium metro,27,147
11/04/2020,02/01/2020,10/31/2020,IA,Howard County,19089,Noncore,10,78
11/04/2020,02/01/2020,10/31/2020,IA,Jasper County,19099,Micropolitan,24,227
11/04/2020,02/01/2020,10/31/2020,IA,Johnson County,19103,Small metro,101,1436
11/04/2020,02/01/2020,10/31/2020,IA,Linn County,19113,Medium metro,154,1637
11/04/2020,02/01/2020,10/31/2020,IA,Mahaska County,19123,Micropolitan,25,196
11/04/2020,02/01/2020,10/31/2020,IA,Marshall County,19127,Micropolitan,25,338
11/04/2020,02/01/2020,10/31/2020,IA,Muscatine County,19139,Micropolitan,44,267
11/04/2020,02/01/2020,10/31/2020,IA,Plymouth County,19149,Small metro,19,159
11/04/2020,02/01/2020,10/31/2020,IA,Polk County,19153,Medium metro,386,4018
11/04/2020,02/01/2020,10/31/2020,IA,Pottawattamie County,19155,Medium metro,40,759
11/04/2020,02/01/2020,10/31/2020,IA,Poweshiek County,19157,Noncore,11,154
11/04/2020,02/01/2020,10/31/2020,IA,Scott County,19163,Medium metro,43,1428
11/04/2020,02/01/2020,10/31/2020,IA,Sioux County,19167,Noncore,13,162
11/04/2020,02/01/2020,10/31/2020,IA,Story County,19169,Small metro,31,485
11/04/2020,02/01/2020,10/31/2020,IA,Tama County,19171,Noncore,30,124
11/04/2020,02/01/2020,10/31/2020,IA,Wapello County,19179,Micropolitan,42,311
11/04/2020,02/01/2020,10/31/2020,IA,Washington County,19183,Small metro,11,177
11/04/2020,02/01/2020,10/31/2020,IA,Webster County,19187,Micropolitan,29,407
11/04/2020,02/01/2020,10/31/2020,IA,Winnebago County,19189,Noncore,13,79
11/04/2020,02/01/2020,10/31/2020,IA,Woodbury County,19193,Small metro,161,1049
11/04/2020,02/01/2020,10/31/2020,ID,Ada County,16001,Medium metro,241,3089
11/04/2020,02/01/2020,10/31/2020,ID,Bannock County,16005,Small metro,21,624
11/04/2020,02/01/2020,10/31/2020,ID,Bonneville County,16019,Small metro,43,923
11/04/2020,02/01/2020,10/31/2020,ID,Canyon County,16027,Medium metro,85,1182
11/04/2020,02/01/2020,10/31/2020,ID,Kootenai County,16055,Small metro,57,1381
11/04/2020,02/01/2020,10/31/2020,ID,Nez Perce County,16069,Small metro,24,433
11/04/2020,02/01/2020,10/31/2020,ID,Shoshone County,16079,Noncore,16,92
11/04/2020,02/01/2020,10/31/2020,ID,Twin Falls County,16083,Micropolitan,68,758
11/04/2020,02/01/2020,10/31/2020,IL,Adams County,17001,Micropolitan,31,748
11/04/2020,02/01/2020,10/31/2020,IL,Boone County,17007,Medium metro,11,260
11/04/2020,02/01/2020,10/31/2020,IL,Bureau County,17011,Micropolitan,12,286
11/04/2020,02/01/2020,10/31/2020,IL,Cass County,17017,Noncore,10,64
11/04/2020,02/01/2020,10/31/2020,IL,Champaign County,17019,Small metro,51,1390
11/04/2020,02/01/2020,10/31/2020,IL,Christian County,17021,Micropolitan,13,254
11/04/2020,02/01/2020,10/31/2020,IL,Clay County,17025,Noncore,10,111
11/04/2020,02/01/2020,10/31/2020,IL,Coles County,17029,Micropolitan,34,481
11/04/2020,02/01/2020,10/31/2020,IL,Cook County,17031,Large central metro,5246,37678
11/04/2020,02/01/2020,10/31/2020,IL,DeKalb County,17037,Large fringe metro,36,618
11/04/2020,02/01/2020,10/31/2020,IL,DuPage County,17043,Large fringe metro,544,5866
11/04/2020,02/01/2020,10/31/2020,IL,Fayette County,17051,Noncore,15,150
11/04/2020,02/01/2020,10/31/2020,IL,Greene County,17061,Noncore,16,85
11/04/2020,02/01/2020,10/31/2020,IL,Jackson County,17077,Small metro,56,488
11/04/2020,02/01/2020,10/31/2020,IL,Jefferson County,17081,Micropolitan,42,479
11/04/2020,02/01/2020,10/31/2020,IL,Jersey County,17083,Large fringe metro,16,201
11/04/2020,02/01/2020,10/31/2020,IL,Kane County,17089,Large fringe metro,301,2843
11/04/2020,02/01/2020,10/31/2020,IL,Kankakee County,17091,Small metro,76,998
11/04/2020,02/01/2020,10/31/2020,IL,Knox County,17095,Micropolitan,21,498
11/04/2020,02/01/2020,10/31/2020,IL,Lake County,17097,Large fringe metro,416,4452
11/04/2020,02/01/2020,10/31/2020,IL,LaSalle County,17099,Micropolitan,48,802
11/04/2020,02/01/2020,10/31/2020,IL,McDonough County,17109,Micropolitan,18,223
11/04/2020,02/01/2020,10/31/2020,IL,McHenry County,17111,Large fringe metro,84,1337
11/04/2020,02/01/2020,10/31/2020,IL,McLean County,17113,Small metro,48,1030
11/04/2020,02/01/2020,10/31/2020,IL,Macon County,17115,Small metro,55,1017
11/04/2020,02/01/2020,10/31/2020,IL,Madison County,17119,Large fringe metro,109,2056
11/04/2020,02/01/2020,10/31/2020,IL,Montgomery County,17135,Noncore,11,215
11/04/2020,02/01/2020,10/31/2020,IL,Morgan County,17137,Micropolitan,18,296
11/04/2020,02/01/2020,10/31/2020,IL,Peoria County,17143,Medium metro,130,2340
11/04/2020,02/01/2020,10/31/2020,IL,Richland County,17159,Noncore,19,199
11/04/2020,02/01/2020,10/31/2020,IL,Rock Island County,17161,Medium metro,78,1235
11/04/2020,02/01/2020,10/31/2020,IL,St. Clair County,17163,Large fringe metro,189,2053
11/04/2020,02/01/2020,10/31/2020,IL,Sangamon County,17167,Small metro,108,2163
11/04/2020,02/01/2020,10/31/2020,IL,Tazewell County,17179,Medium metro,24,824
11/04/2020,02/01/2020,10/31/2020,IL,Wayne County,17191,Noncore,10,110
11/04/2020,02/01/2020,10/31/2020,IL,Whiteside County,17195,Micropolitan,17,474
11/04/2020,02/01/2020,10/31/2020,IL,Will County,17197,Large fringe metro,354,3738
11/04/2020,02/01/2020,10/31/2020,IL,Williamson County,17199,Small metro,49,699
11/04/2020,02/01/2020,10/31/2020,IL,Winnebago County,17201,Medium metro,196,2668
11/04/2020,02/01/2020,10/31/2020,IN,Allen County,18003,Medium metro,285,3620
11/04/2020,02/01/2020,10/31/2020,IN,Bartholomew County,18005,Small metro,83,711
11/04/2020,02/01/2020,10/31/2020,IN,Boone County,18011,Large fringe metro,51,379
11/04/2020,02/01/2020,10/31/2020,IN,Cass County,18017,Micropolitan,32,298
11/04/2020,02/01/2020,10/31/2020,IN,Clark County,18019,Large fringe metro,57,819
11/04/2020,02/01/2020,10/31/2020,IN,Clinton County,18023,Micropolitan,13,264
11/04/2020,02/01/2020,10/31/2020,IN,Daviess County,18027,Micropolitan,17,234
11/04/2020,02/01/2020,10/31/2020,IN,Dearborn County,18029,Large fringe metro,38,315
11/04/2020,02/01/2020,10/31/2020,IN,Decatur County,18031,Micropolitan,26,214
11/04/2020,02/01/2020,10/31/2020,IN,De Kalb County,18033,Micropolitan,15,305
11/04/2020,02/01/2020,10/31/2020,IN,Delaware County,18035,Small metro,85,1212
11/04/2020,02/01/2020,10/31/2020,IN,Dubois County,18037,Micropolitan,19,387
11/04/2020,02/01/2020,10/31/2020,IN,Elkhart County,18039,Small metro,145,1456
11/04/2020,02/01/2020,10/31/2020,IN,Fayette County,18041,Micropolitan,11,159
11/04/2020,02/01/2020,10/31/2020,IN,Floyd County,18043,Large fringe metro,90,853
11/04/2020,02/01/2020,10/31/2020,IN,Grant County,18053,Micropolitan,34,599
11/04/2020,02/01/2020,10/31/2020,IN,Greene County,18055,Noncore,30,199
11/04/2020,02/01/2020,10/31/2020,IN,Hamilton County,18057,Large fringe metro,113,1588
11/04/2020,02/01/2020,10/31/2020,IN,Hancock County,18059,Large fringe metro,32,485
11/04/2020,02/01/2020,10/31/2020,IN,Harrison County,18061,Large fringe metro,16,268
11/04/2020,02/01/2020,10/31/2020,IN,Hendricks County,18063,Large fringe metro,163,1254
11/04/2020,02/01/2020,10/31/2020,IN,Henry County,18065,Micropolitan,13,362
11/04/2020,02/01/2020,10/31/2020,IN,Howard County,18067,Small metro,71,872
11/04/2020,02/01/2020,10/31/2020,IN,Jackson County,18071,Micropolitan,16,340
11/04/2020,02/01/2020,10/31/2020,IN,Johnson County,18081,Large fringe metro,97,929
11/04/2020,02/01/2020,10/31/2020,IN,Knox County,18083,Micropolitan,27,387
11/04/2020,02/01/2020,10/31/2020,IN,Kosciusko County,18085,Micropolitan,12,446
11/04/2020,02/01/2020,10/31/2020,IN,Lake County,18089,Large fringe metro,489,4989
11/04/2020,02/01/2020,10/31/2020,IN,La Porte County,18091,Small metro,66,944
11/04/2020,02/01/2020,10/31/2020,IN,Lawrence County,18093,Micropolitan,30,343
11/04/2020,02/01/2020,10/31/2020,IN,Madison County,18095,Large fringe metro,104,1112
11/04/2020,02/01/2020,10/31/2020,IN,Marion County,18097,Large central metro,989,8589
11/04/2020,02/01/2020,10/31/2020,IN,Marshall County,18099,Micropolitan,29,352
11/04/2020,02/01/2020,10/31/2020,IN,Monroe County,18105,Small metro,66,1049
11/04/2020,02/01/2020,10/31/2020,IN,Montgomery County,18107,Micropolitan,19,266
11/04/2020,02/01/2020,10/31/2020,IN,Morgan County,18109,Large fringe metro,35,423
11/04/2020,02/01/2020,10/31/2020,IN,Newton County,18111,Large fringe metro,10,93
11/04/2020,02/01/2020,10/31/2020,IN,Noble County,18113,Micropolitan,24,299
11/04/2020,02/01/2020,10/31/2020,IN,Orange County,18117,Noncore,16,134
11/04/2020,02/01/2020,10/31/2020,IN,Perry County,18123,Noncore,13,131
11/04/2020,02/01/2020,10/31/2020,IN,Pike County,18125,Micropolitan,11,99
11/04/2020,02/01/2020,10/31/2020,IN,Porter County,18127,Large fringe metro,50,1273
11/04/2020,02/01/2020,10/31/2020,IN,Putnam County,18133,Large fringe metro,12,270
11/04/2020,02/01/2020,10/31/2020,IN,St. Joseph County,18141,Medium metro,177,2432
11/04/2020,02/01/2020,10/31/2020,IN,Shelby County,18145,Large fringe metro,27,326
11/04/2020,02/01/2020,10/31/2020,IN,Tippecanoe County,18157,Small metro,54,1204
11/04/2020,02/01/2020,10/31/2020,IN,Tipton County,18159,Noncore,26,140
11/04/2020,02/01/2020,10/31/2020,IN,Vanderburgh County,18163,Medium metro,143,2155
11/04/2020,02/01/2020,10/31/2020,IN,Vigo County,18167,Small metro,69,1134
11/04/2020,02/01/2020,10/31/2020,IN,Warrick County,18173,Medium metro,69,787
11/04/2020,02/01/2020,10/31/2020,IN,Wayne County,18177,Micropolitan,38,838
11/04/2020,02/01/2020,10/31/2020,IN,Wells County,18179,Medium metro,10,191
11/04/2020,02/01/2020,10/31/2020,KS,Crawford County,20037,Micropolitan,12,345
11/04/2020,02/01/2020,10/31/2020,KS,Douglas County,20045,Small metro,17,600
11/04/2020,02/01/2020,10/31/2020,KS,Ellis County,20051,Micropolitan,40,290
11/04/2020,02/01/2020,10/31/2020,KS,Finney County,20055,Micropolitan,31,201
11/04/2020,02/01/2020,10/31/2020,KS,Ford County,20057,Micropolitan,22,188
11/04/2020,02/01/2020,10/31/2020,KS,Gove County,20063,Noncore,11,37
11/04/2020,02/01/2020,10/31/2020,KS,Johnson County,20091,Large fringe metro,215,3348
11/04/2020,02/01/2020,10/31/2020,KS,Lyon County,20111,Micropolitan,28,208
11/04/2020,02/01/2020,10/31/2020,KS,Norton County,20137,Noncore,13,52
11/04/2020,02/01/2020,10/31/2020,KS,Reno County,20155,Micropolitan,17,571
11/04/2020,02/01/2020,10/31/2020,KS,Saline County,20169,Micropolitan,18,501
11/04/2020,02/01/2020,10/31/2020,KS,Sedgwick County,20173,Medium metro,216,4554
11/04/2020,02/01/2020,10/31/2020,KS,Seward County,20175,Micropolitan,14,114
11/04/2020,02/01/2020,10/31/2020,KS,Shawnee County,20177,Small metro,87,1765
11/04/2020,02/01/2020,10/31/2020,KS,Wyandotte County,20209,Large fringe metro,176,1580
11/04/2020,02/01/2020,10/31/2020,KY,Barren County,21009,Micropolitan,22,438
11/04/2020,02/01/2020,10/31/2020,KY,Bell County,21013,Micropolitan,10,218
11/04/2020,02/01/2020,10/31/2020,KY,Boone County,21015,Large fringe metro,11,590
11/04/2020,02/01/2020,10/31/2020,KY,Boyd County,21019,Medium metro,36,841
11/04/2020,02/01/2020,10/31/2020,KY,Boyle County,21021,Micropolitan,29,386
11/04/2020,02/01/2020,10/31/2020,KY,Calloway County,21035,Micropolitan,10,283
11/04/2020,02/01/2020,10/31/2020,KY,Campbell County,21037,Large fringe metro,80,636
11/04/2020,02/01/2020,10/31/2020,KY,Casey County,21045,Noncore,11,109
11/04/2020,02/01/2020,10/31/2020,KY,Christian County,21047,Medium metro,19,388
11/04/2020,02/01/2020,10/31/2020,KY,Daviess County,21059,Small metro,48,994
11/04/2020,02/01/2020,10/31/2020,KY,Fayette County,21067,Medium metro,127,3832
11/04/2020,02/01/2020,10/31/2020,KY,Franklin County,21073,Micropolitan,19,431
11/04/2020,02/01/2020,10/31/2020,KY,Graves County,21083,Micropolitan,37,326
11/04/2020,02/01/2020,10/31/2020,KY,Grayson County,21085,Noncore,10,191
11/04/2020,02/01/2020,10/31/2020,KY,Hardin County,21093,Small metro,15,820
11/04/2020,02/01/2020,10/31/2020,KY,Henderson County,21101,Medium metro,13,353
11/04/2020,02/01/2020,10/31/2020,KY,Hopkins County,21107,Micropolitan,39,524
11/04/2020,02/01/2020,10/31/2020,KY,Jefferson County,21111,Large central metro,540,8250
11/04/2020,02/01/2020,10/31/2020,KY,Kenton County,21117,Large fringe metro,53,1334
11/04/2020,02/01/2020,10/31/2020,KY,Laurel County,21125,Micropolitan,15,500
11/04/2020,02/01/2020,10/31/2020,KY,McCracken County,21145,Micropolitan,29,943
11/04/2020,02/01/2020,10/31/2020,KY,Mercer County,21167,Noncore,14,170
11/04/2020,02/01/2020,10/31/2020,KY,Oldham County,21185,Large fringe metro,10,234
11/04/2020,02/01/2020,10/31/2020,KY,Perry County,21193,Noncore,13,635
11/04/2020,02/01/2020,10/31/2020,KY,Pike County,21195,Noncore,30,965
11/04/2020,02/01/2020,10/31/2020,KY,Pulaski County,21199,Micropolitan,18,700
11/04/2020,02/01/2020,10/31/2020,KY,Scott County,21209,Medium metro,13,262
11/04/2020,02/01/2020,10/31/2020,KY,Shelby County,21211,Large fringe metro,14,200
11/04/2020,02/01/2020,10/31/2020,KY,Warren County,21227,Small metro,114,1243
11/04/2020,02/01/2020,10/31/2020,KY,Whitley County,21235,Micropolitan,15,378
11/04/2020,02/01/2020,10/31/2020,LA,Acadia Parish,22001,Medium metro,57,484
11/04/2020,02/01/2020,10/31/2020,LA,Allen Parish,22003,Noncore,20,179
11/04/2020,02/01/2020,10/31/2020,LA,Ascension Parish,22005,Medium metro,33,446
11/04/2020,02/01/2020,10/31/2020,LA,Avoyelles Parish,22009,Noncore,17,327
11/04/2020,02/01/2020,10/31/2020,LA,Beauregard Parish,22011,Micropolitan,28,240
11/04/2020,02/01/2020,10/31/2020,LA,Bossier Parish,22015,Medium metro,79,780
11/04/2020,02/01/2020,10/31/2020,LA,Caddo Parish,22017,Medium metro,572,3318
11/04/2020,02/01/2020,10/31/2020,LA,Calcasieu Parish,22019,Small metro,199,1778
11/04/2020,02/01/2020,10/31/2020,LA,Claiborne Parish,22027,Noncore,15,126
11/04/2020,02/01/2020,10/31/2020,LA,De Soto Parish,22031,Medium metro,12,127
11/04/2020,02/01/2020,10/31/2020,LA,East Baton Rouge Parish,22033,Medium metro,785,4829
11/04/2020,02/01/2020,10/31/2020,LA,East Feliciana Parish,22037,Medium metro,17,139
11/04/2020,02/01/2020,10/31/2020,LA,Evangeline Parish,22039,Noncore,24,260
11/04/2020,02/01/2020,10/31/2020,LA,Franklin Parish,22041,Noncore,10,133
11/04/2020,02/01/2020,10/31/2020,LA,Grant Parish,22043,Small metro,10,130
11/04/2020,02/01/2020,10/31/2020,LA,Iberia Parish,22045,Medium metro,61,620
11/04/2020,02/01/2020,10/31/2020,LA,Jefferson Parish,22051,Large fringe metro,822,4592
11/04/2020,02/01/2020,10/31/2020,LA,Jefferson Davis Parish,22053,Noncore,40,310
11/04/2020,02/01/2020,10/31/2020,LA,Lafayette Parish,22055,Medium metro,266,2211
11/04/2020,02/01/2020,10/31/2020,LA,Lafourche Parish,22057,Small metro,133,780
11/04/2020,02/01/2020,10/31/2020,LA,Lincoln Parish,22061,Micropolitan,57,386
11/04/2020,02/01/2020,10/31/2020,LA,Livingston Parish,22063,Medium metro,17,582
11/04/2020,02/01/2020,10/31/2020,LA,Natchitoches Parish,22069,Micropolitan,19,268
11/04/2020,02/01/2020,10/31/2020,LA,Orleans Parish,22071,Large central metro,434,3328
11/04/2020,02/01/2020,10/31/2020,LA,Ouachita Parish,22073,Small metro,253,1663
11/04/2020,02/01/2020,10/31/2020,LA,Pointe Coupee Parish,22077,Medium metro,18,175
11/04/2020,02/01/2020,10/31/2020,LA,Rapides Parish,22079,Small metro,240,1710
11/04/2020,02/01/2020,10/31/2020,LA,St. Bernard Parish,22087,Large fringe metro,17,219
11/04/2020,02/01/2020,10/31/2020,LA,St. Charles Parish,22089,Large fringe metro,32,290
11/04/2020,02/01/2020,10/31/2020,LA,St. James Parish,22093,Large fringe metro,17,111
11/04/2020,02/01/2020,10/31/2020,LA,St. John the Baptist Parish,22095,Large fringe metro,35,234
11/04/2020,02/01/2020,10/31/2020,LA,St. Landry Parish,22097,Micropolitan,115,791
11/04/2020,02/01/2020,10/31/2020,LA,St. Martin Parish,22099,Medium metro,20,309
11/04/2020,02/01/2020,10/31/2020,LA,St. Mary Parish,22101,Micropolitan,60,375
11/04/2020,02/01/2020,10/31/2020,LA,St. Tammany Parish,22103,Large fringe metro,279,2222
11/04/2020,02/01/2020,10/31/2020,LA,Tangipahoa Parish,22105,Small metro,106,1040
11/04/2020,02/01/2020,10/31/2020,LA,Terrebonne Parish,22109,Small metro,111,936
11/04/2020,02/01/2020,10/31/2020,LA,Union Parish,22111,Small metro,22,201
11/04/2020,02/01/2020,10/31/2020,LA,Vermilion Parish,22113,Medium metro,25,417
11/04/2020,02/01/2020,10/31/2020,LA,Vernon Parish,22115,Micropolitan,25,274
11/04/2020,02/01/2020,10/31/2020,LA,Washington Parish,22117,Micropolitan,32,386
11/04/2020,02/01/2020,10/31/2020,LA,Webster Parish,22119,Medium metro,21,365
11/04/2020,02/01/2020,10/31/2020,LA,Winn Parish,22127,Noncore,19,127
11/04/2020,02/01/2020,10/31/2020,MA,Barnstable County,25001,Small metro,136,2201
11/04/2020,02/01/2020,10/31/2020,MA,Berkshire County,25003,Small metro,41,1171
11/04/2020,02/01/2020,10/31/2020,MA,Bristol County,25005,Large fringe metro,566,4202
11/04/2020,02/01/2020,10/31/2020,MA,Essex County,25009,Large fringe metro,1037,6153
11/04/2020,02/01/2020,10/31/2020,MA,Franklin County,25011,Micropolitan,37,451
11/04/2020,02/01/2020,10/31/2020,MA,Hampden County,25013,Medium metro,693,4610
11/04/2020,02/01/2020,10/31/2020,MA,Hampshire County,25015,Medium metro,115,1007
11/04/2020,02/01/2020,10/31/2020,MA,Middlesex County,25017,Large fringe metro,1910,9811
11/04/2020,02/01/2020,10/31/2020,MA,Norfolk County,25021,Large fringe metro,773,4672
11/04/2020,02/01/2020,10/31/2020,MA,Plymouth County,25023,Large fringe metro,629,3847
11/04/2020,02/01/2020,10/31/2020,MA,Suffolk County,25025,Large central metro,1298,7192
11/04/2020,02/01/2020,10/31/2020,MA,Worcester County,25027,Medium metro,1006,6356
11/04/2020,02/01/2020,10/31/2020,MD,Allegany County,24001,Small metro,24,824
11/04/2020,02/01/2020,10/31/2020,MD,Anne Arundel County,24003,Large fringe metro,340,3746
11/04/2020,02/01/2020,10/31/2020,MD,Baltimore County,24005,Large fringe metro,705,7033
11/04/2020,02/01/2020,10/31/2020,MD,Calvert County,24009,Large fringe metro,15,488
11/04/2020,02/01/2020,10/31/2020,MD,Carroll County,24013,Large fringe metro,157,1360
11/04/2020,02/01/2020,10/31/2020,MD,Cecil County,24015,Large fringe metro,41,748
11/04/2020,02/01/2020,10/31/2020,MD,Charles County,24017,Large fringe metro,89,841
11/04/2020,02/01/2020,10/31/2020,MD,Frederick County,24021,Large fringe metro,142,1571
11/04/2020,02/01/2020,10/31/2020,MD,Harford County,24025,Large fringe metro,67,1649
11/04/2020,02/01/2020,10/31/2020,MD,Howard County,24027,Large fringe metro,100,1440
11/04/2020,02/01/2020,10/31/2020,MD,Kent County,24029,Noncore,30,237
11/04/2020,02/01/2020,10/31/2020,MD,Montgomery County,24031,Large fringe metro,1151,6397
11/04/2020,02/01/2020,10/31/2020,MD,Prince George's County,24033,Large fringe metro,629,4832
11/04/2020,02/01/2020,10/31/2020,MD,St. Mary's County,24037,Small metro,75,682
11/04/2020,02/01/2020,10/31/2020,MD,Talbot County,24041,Micropolitan,27,518
11/04/2020,02/01/2020,10/31/2020,MD,Washington County,24043,Medium metro,48,1386
11/04/2020,02/01/2020,10/31/2020,MD,Wicomico County,24045,Medium metro,73,1129
11/04/2020,02/01/2020,10/31/2020,MD,Worcester County,24047,Medium metro,41,529
11/04/2020,02/01/2020,10/31/2020,MD,Baltimore city,24510,Large central metro,704,7340
11/04/2020,02/01/2020,10/31/2020,ME,Androscoggin County,23001,Small metro,12,1040
11/04/2020,02/01/2020,10/31/2020,ME,Cumberland County,23005,Medium metro,91,2957
11/04/2020,02/01/2020,10/31/2020,ME,Kennebec County,23011,Micropolitan,11,1081
11/04/2020,02/01/2020,10/31/2020,ME,Waldo County,23027,Noncore,16,236
11/04/2020,02/01/2020,10/31/2020,ME,York County,23031,Medium metro,19,1176
11/04/2020,02/01/2020,10/31/2020,MI,Alpena County,26007,Micropolitan,15,306
11/04/2020,02/01/2020,10/31/2020,MI,Bay County,26017,Small metro,48,1140
11/04/2020,02/01/2020,10/31/2020,MI,Berrien County,26021,Small metro,80,1314
11/04/2020,02/01/2020,10/31/2020,MI,Calhoun County,26025,Small metro,47,1267
11/04/2020,02/01/2020,10/31/2020,MI,Crawford County,26039,Noncore,12,166
11/04/2020,02/01/2020,10/31/2020,MI,Delta County,26041,Micropolitan,15,328
11/04/2020,02/01/2020,10/31/2020,MI,Dickinson County,26043,Micropolitan,18,259
11/04/2020,02/01/2020,10/31/2020,MI,Genesee County,26049,Medium metro,300,3986
11/04/2020,02/01/2020,10/31/2020,MI,Grand Traverse County,26055,Micropolitan,23,1109
11/04/2020,02/01/2020,10/31/2020,MI,Gratiot County,26057,Micropolitan,18,349
11/04/2020,02/01/2020,10/31/2020,MI,Hillsdale County,26059,Micropolitan,23,334
11/04/2020,02/01/2020,10/31/2020,MI,Ingham County,26065,Medium metro,95,2424
11/04/2020,02/01/2020,10/31/2020,MI,Iron County,26071,Noncore,21,149
11/04/2020,02/01/2020,10/31/2020,MI,Jackson County,26075,Small metro,109,1477
11/04/2020,02/01/2020,10/31/2020,MI,Kalamazoo County,26077,Medium metro,135,2395
11/04/2020,02/01/2020,10/31/2020,MI,Kent County,26081,Large central metro,196,4775
11/04/2020,02/01/2020,10/31/2020,MI,Lapeer County,26087,Large fringe metro,34,669
11/04/2020,02/01/2020,10/31/2020,MI,Livingston County,26093,Large fringe metro,35,1026
11/04/2020,02/01/2020,10/31/2020,MI,Macomb County,26099,Large fringe metro,728,6678
11/04/2020,02/01/2020,10/31/2020,MI,Marquette County,26103,Micropolitan,25,577
11/04/2020,02/01/2020,10/31/2020,MI,Midland County,26111,Small metro,15,751
11/04/2020,02/01/2020,10/31/2020,MI,Monroe County,26115,Small metro,14,895
11/04/2020,02/01/2020,10/31/2020,MI,Muskegon County,26121,Small metro,94,1491
11/04/2020,02/01/2020,10/31/2020,MI,Oakland County,26125,Large fringe metro,1461,10986
11/04/2020,02/01/2020,10/31/2020,MI,Ottawa County,26139,Large fringe metro,47,1513
11/04/2020,02/01/2020,10/31/2020,MI,Saginaw County,26145,Small metro,188,2154
11/04/2020,02/01/2020,10/31/2020,MI,St. Clair County,26147,Large fringe metro,52,1309
11/04/2020,02/01/2020,10/31/2020,MI,Shiawassee County,26155,Micropolitan,20,529
11/04/2020,02/01/2020,10/31/2020,MI,Tuscola County,26157,Noncore,13,350
11/04/2020,02/01/2020,10/31/2020,MI,Washtenaw County,26161,Medium metro,278,3107
11/04/2020,02/01/2020,10/31/2020,MI,Wayne County,26163,Large central metro,2400,16878
11/04/2020,02/01/2020,10/31/2020,MN,Anoka County,27003,Large fringe metro,176,1733
11/04/2020,02/01/2020,10/31/2020,MN,Beltrami County,27007,Micropolitan,10,313
11/04/2020,02/01/2020,10/31/2020,MN,Blue Earth County,27013,Small metro,18,442
11/04/2020,02/01/2020,10/31/2020,MN,Clay County,27027,Small metro,27,250
11/04/2020,02/01/2020,10/31/2020,MN,Crow Wing County,27035,Micropolitan,20,465
11/04/2020,02/01/2020,10/31/2020,MN,Dakota County,27037,Large fringe metro,72,1761
11/04/2020,02/01/2020,10/31/2020,MN,Goodhue County,27049,Micropolitan,10,361
11/04/2020,02/01/2020,10/31/2020,MN,Hennepin County,27053,Large central metro,1026,8792
11/04/2020,02/01/2020,10/31/2020,MN,Itasca County,27061,Noncore,11,337
11/04/2020,02/01/2020,10/31/2020,MN,Martin County,27091,Noncore,11,140
11/04/2020,02/01/2020,10/31/2020,MN,Mille Lacs County,27095,Large fringe metro,12,203
11/04/2020,02/01/2020,10/31/2020,MN,Mower County,27099,Micropolitan,18,251
11/04/2020,02/01/2020,10/31/2020,MN,Nicollet County,27103,Small metro,13,139
11/04/2020,02/01/2020,10/31/2020,MN,Olmsted County,27109,Small metro,49,1566
11/04/2020,02/01/2020,10/31/2020,MN,Pipestone County,27117,Noncore,13,84
11/04/2020,02/01/2020,10/31/2020,MN,Ramsey County,27123,Large central metro,480,4306
11/04/2020,02/01/2020,10/31/2020,MN,Renville County,27129,Noncore,11,101
11/04/2020,02/01/2020,10/31/2020,MN,St. Louis County,27137,Medium metro,92,2133
11/04/2020,02/01/2020,10/31/2020,MN,Scott County,27139,Large fringe metro,24,514
11/04/2020,02/01/2020,10/31/2020,MN,Sherburne County,27141,Large fringe metro,19,415
11/04/2020,02/01/2020,10/31/2020,MN,Stearns County,27145,Small metro,66,1357
11/04/2020,02/01/2020,10/31/2020,MN,Washington County,27163,Large fringe metro,45,1170
11/04/2020,02/01/2020,10/31/2020,MN,Winona County,27169,Micropolitan,19,273
11/04/2020,02/01/2020,10/31/2020,MO,Boone County,29019,Small metro,70,1672
11/04/2020,02/01/2020,10/31/2020,MO,Buchanan County,29021,Small metro,34,857
11/04/2020,02/01/2020,10/31/2020,MO,Butler County,29023,Micropolitan,24,537
11/04/2020,02/01/2020,10/31/2020,MO,Camden County,29029,Noncore,32,464
11/04/2020,02/01/2020,10/31/2020,MO,Cape Girardeau County,29031,Small metro,83,1110
11/04/2020,02/01/2020,10/31/2020,MO,Cass County,29037,Large fringe metro,24,592
11/04/2020,02/01/2020,10/31/2020,MO,Christian County,29043,Medium metro,13,340
11/04/2020,02/01/2020,10/31/2020,MO,Clay County,29047,Large fringe metro,100,1819
11/04/2020,02/01/2020,10/31/2020,MO,Cole County,29051,Small metro,52,702
11/04/2020,02/01/2020,10/31/2020,MO,Douglas County,29067,Noncore,12,102
11/04/2020,02/01/2020,10/31/2020,MO,Franklin County,29071,Large fringe metro,50,719
11/04/2020,02/01/2020,10/31/2020,MO,Gasconade County,29073,Noncore,15,149
11/04/2020,02/01/2020,10/31/2020,MO,Greene County,29077,Medium metro,226,3359
11/04/2020,02/01/2020,10/31/2020,MO,Howell County,29091,Micropolitan,16,461
11/04/2020,02/01/2020,10/31/2020,MO,Jackson County,29095,Large central metro,270,6137
11/04/2020,02/01/2020,10/31/2020,MO,Jasper County,29097,Small metro,40,721
11/04/2020,02/01/2020,10/31/2020,MO,Jefferson County,29099,Large fringe metro,63,1201
11/04/2020,02/01/2020,10/31/2020,MO,Johnson County,29101,Micropolitan,23,311
11/04/2020,02/01/2020,10/31/2020,MO,Laclede County,29105,Micropolitan,27,244
11/04/2020,02/01/2020,10/31/2020,MO,Lafayette County,29107,Large fringe metro,16,224
11/04/2020,02/01/2020,10/31/2020,MO,Lawrence County,29109,Noncore,17,295
11/04/2020,02/01/2020,10/31/2020,MO,Marion County,29127,Micropolitan,14,292
11/04/2020,02/01/2020,10/31/2020,MO,Newton County,29145,Small metro,96,1177
11/04/2020,02/01/2020,10/31/2020,MO,Pemiscot County,29155,Noncore,12,160
11/04/2020,02/01/2020,10/31/2020,MO,Pettis County,29159,Micropolitan,21,353
11/04/2020,02/01/2020,10/31/2020,MO,Phelps County,29161,Micropolitan,18,394
11/04/2020,02/01/2020,10/31/2020,MO,Platte County,29165,Large fringe metro,26,498
11/04/2020,02/01/2020,10/31/2020,MO,Polk County,29167,Medium metro,15,279
11/04/2020,02/01/2020,10/31/2020,MO,St. Charles County,29183,Large fringe metro,149,2371
11/04/2020,02/01/2020,10/31/2020,MO,St. Francois County,29187,Micropolitan,18,556
11/04/2020,02/01/2020,10/31/2020,MO,St. Louis County,29189,Large fringe metro,936,10163
11/04/2020,02/01/2020,10/31/2020,MO,Scott County,29201,Micropolitan,22,360
11/04/2020,02/01/2020,10/31/2020,MO,Taney County,29213,Micropolitan,21,449
11/04/2020,02/01/2020,10/31/2020,MO,Webster County,29225,Medium metro,11,174
11/04/2020,02/01/2020,10/31/2020,MO,St. Louis city,29510,Large central metro,260,3756
11/04/2020,02/01/2020,10/31/2020,MS,Adams County,28001,Micropolitan,50,330
11/04/2020,02/01/2020,10/31/2020,MS,Alcorn County,28003,Micropolitan,40,449
11/04/2020,02/01/2020,10/31/2020,MS,Attala County,28007,Noncore,13,185
11/04/2020,02/01/2020,10/31/2020,MS,Bolivar County,28011,Micropolitan,40,281
11/04/2020,02/01/2020,10/31/2020,MS,Clarke County,28023,Micropolitan,17,107
11/04/2020,02/01/2020,10/31/2020,MS,Coahoma County,28027,Micropolitan,29,220
11/04/2020,02/01/2020,10/31/2020,MS,Copiah County,28029,Medium metro,17,195
11/04/2020,02/01/2020,10/31/2020,MS,DeSoto County,28033,Large fringe metro,145,1256
11/04/2020,02/01/2020,10/31/2020,MS,Forrest County,28035,Small metro,214,1299
11/04/2020,02/01/2020,10/31/2020,MS,George County,28039,Noncore,10,177
11/04/2020,02/01/2020,10/31/2020,MS,Grenada County,28043,Micropolitan,22,239
11/04/2020,02/01/2020,10/31/2020,MS,Hancock County,28045,Medium metro,12,293
11/04/2020,02/01/2020,10/31/2020,MS,Harrison County,28047,Medium metro,108,1879
11/04/2020,02/01/2020,10/31/2020,MS,Hinds County,28049,Medium metro,543,3759
11/04/2020,02/01/2020,10/31/2020,MS,Holmes County,28051,Noncore,18,134
11/04/2020,02/01/2020,10/31/2020,MS,Itawamba County,28057,Micropolitan,10,133
11/04/2020,02/01/2020,10/31/2020,MS,Jackson County,28059,Medium metro,90,1198
11/04/2020,02/01/2020,10/31/2020,MS,Jones County,28067,Micropolitan,72,564
11/04/2020,02/01/2020,10/31/2020,MS,Lafayette County,28071,Micropolitan,114,636
11/04/2020,02/01/2020,10/31/2020,MS,Lamar County,28073,Small metro,68,436
11/04/2020,02/01/2020,10/31/2020,MS,Lauderdale County,28075,Micropolitan,267,1208
11/04/2020,02/01/2020,10/31/2020,MS,Lawrence County,28077,Noncore,10,106
11/04/2020,02/01/2020,10/31/2020,MS,Leake County,28079,Noncore,16,142
11/04/2020,02/01/2020,10/31/2020,MS,Lee County,28081,Micropolitan,237,1756
11/04/2020,02/01/2020,10/31/2020,MS,Leflore County,28083,Micropolitan,91,435
11/04/2020,02/01/2020,10/31/2020,MS,Lincoln County,28085,Micropolitan,47,337
11/04/2020,02/01/2020,10/31/2020,MS,Lowndes County,28087,Micropolitan,91,662
11/04/2020,02/01/2020,10/31/2020,MS,Madison County,28089,Medium metro,60,812
11/04/2020,02/01/2020,10/31/2020,MS,Marion County,28091,Noncore,11,205
11/04/2020,02/01/2020,10/31/2020,MS,Marshall County,28093,Large fringe metro,10,243
11/04/2020,02/01/2020,10/31/2020,MS,Monroe County,28095,Noncore,51,313
11/04/2020,02/01/2020,10/31/2020,MS,Montgomery County,28097,Noncore,12,105
11/04/2020,02/01/2020,10/31/2020,MS,Neshoba County,28099,Noncore,19,245
11/04/2020,02/01/2020,10/31/2020,MS,Oktibbeha County,28105,Micropolitan,42,265
11/04/2020,02/01/2020,10/31/2020,MS,Panola County,28107,Noncore,12,214
11/04/2020,02/01/2020,10/31/2020,MS,Pearl River County,28109,Micropolitan,30,446
11/04/2020,02/01/2020,10/31/2020,MS,Pike County,28113,Micropolitan,56,454
11/04/2020,02/01/2020,10/31/2020,MS,Prentiss County,28117,Noncore,10,172
11/04/2020,02/01/2020,10/31/2020,MS,Rankin County,28121,Medium metro,41,804
11/04/2020,02/01/2020,10/31/2020,MS,Simpson County,28127,Medium metro,26,219
11/04/2020,02/01/2020,10/31/2020,MS,Sunflower County,28133,Micropolitan,32,246
11/04/2020,02/01/2020,10/31/2020,MS,Tate County,28137,Large fringe metro,13,164
11/04/2020,02/01/2020,10/31/2020,MS,Tishomingo County,28141,Noncore,22,200
11/04/2020,02/01/2020,10/31/2020,MS,Union County,28145,Noncore,11,166
11/04/2020,02/01/2020,10/31/2020,MS,Warren County,28149,Micropolitan,73,499
11/04/2020,02/01/2020,10/31/2020,MS,Washington County,28151,Micropolitan,107,595
11/04/2020,02/01/2020,10/31/2020,MS,Wayne County,28153,Noncore,19,158
11/04/2020,02/01/2020,10/31/2020,MS,Webster County,28155,Noncore,13,111
11/04/2020,02/01/2020,10/31/2020,MS,Winston County,28159,Noncore,11,137
11/04/2020,02/01/2020,10/31/2020,MS,Yazoo County,28163,Medium metro,18,178
11/04/2020,02/01/2020,10/31/2020,MT,Cascade County,30013,Small metro,24,828
11/04/2020,02/01/2020,10/31/2020,MT,Flathead County,30029,Micropolitan,33,900
11/04/2020,02/01/2020,10/31/2020,MT,Hill County,30041,Noncore,16,113
11/04/2020,02/01/2020,10/31/2020,MT,Missoula County,30063,Small metro,14,819
11/04/2020,02/01/2020,10/31/2020,MT,Yellowstone County,30111,Small metro,162,1640
11/04/2020,02/01/2020,10/31/2020,NC,Alamance County,37001,Small metro,18,1070
11/04/2020,02/01/2020,10/31/2020,NC,Beaufort County,37013,Micropolitan,13,306
11/04/2020,02/01/2020,10/31/2020,NC,Brunswick County,37019,Medium metro,15,845
11/04/2020,02/01/2020,10/31/2020,NC,Buncombe County,37021,Medium metro,115,2357
11/04/2020,02/01/2020,10/31/2020,NC,Burke County,37023,Medium metro,40,647
11/04/2020,02/01/2020,10/31/2020,NC,Cabarrus County,37025,Large fringe metro,96,1311
11/04/2020,02/01/2020,10/31/2020,NC,Caldwell County,37027,Medium metro,15,537
11/04/2020,02/01/2020,10/31/2020,NC,Catawba County,37035,Medium metro,56,1233
11/04/2020,02/01/2020,10/31/2020,NC,Chatham County,37037,Medium metro,50,546
11/04/2020,02/01/2020,10/31/2020,NC,Cleveland County,37045,Micropolitan,43,769
11/04/2020,02/01/2020,10/31/2020,NC,Columbus County,37047,Noncore,19,454
11/04/2020,02/01/2020,10/31/2020,NC,Craven County,37049,Small metro,34,777
11/04/2020,02/01/2020,10/31/2020,NC,Cumberland County,37051,Medium metro,89,1839
11/04/2020,02/01/2020,10/31/2020,NC,Davidson County,37057,Medium metro,19,929
11/04/2020,02/01/2020,10/31/2020,NC,Duplin County,37061,Noncore,22,302
11/04/2020,02/01/2020,10/31/2020,NC,Durham County,37063,Medium metro,154,2244
11/04/2020,02/01/2020,10/31/2020,NC,Edgecombe County,37065,Small metro,22,379
11/04/2020,02/01/2020,10/31/2020,NC,Forsyth County,37067,Medium metro,139,3269
11/04/2020,02/01/2020,10/31/2020,NC,Franklin County,37069,Large fringe metro,11,245
11/04/2020,02/01/2020,10/31/2020,NC,Gaston County,37071,Large fringe metro,51,1488
11/04/2020,02/01/2020,10/31/2020,NC,Granville County,37077,Micropolitan,13,303
11/04/2020,02/01/2020,10/31/2020,NC,Guilford County,37081,Medium metro,207,3357
11/04/2020,02/01/2020,10/31/2020,NC,Halifax County,37083,Micropolitan,13,347
11/04/2020,02/01/2020,10/31/2020,NC,Harnett County,37085,Micropolitan,28,542
11/04/2020,02/01/2020,10/31/2020,NC,Haywood County,37087,Medium metro,28,465
11/04/2020,02/01/2020,10/31/2020,NC,Henderson County,37089,Medium metro,67,928
11/04/2020,02/01/2020,10/31/2020,NC,Hertford County,37091,Noncore,21,193
11/04/2020,02/01/2020,10/31/2020,NC,Iredell County,37097,Large fringe metro,26,1026
11/04/2020,02/01/2020,10/31/2020,NC,Johnston County,37101,Large fringe metro,27,823
11/04/2020,02/01/2020,10/31/2020,NC,Lenoir County,37107,Micropolitan,18,386
11/04/2020,02/01/2020,10/31/2020,NC,Lincoln County,37109,Large fringe metro,16,435
11/04/2020,02/01/2020,10/31/2020,NC,McDowell County,37111,Micropolitan,12,213
11/04/2020,02/01/2020,10/31/2020,NC,Mecklenburg County,37119,Large central metro,290,4887
11/04/2020,02/01/2020,10/31/2020,NC,Moore County,37125,Micropolitan,53,898
11/04/2020,02/01/2020,10/31/2020,NC,Nash County,37127,Small metro,19,590
11/04/2020,02/01/2020,10/31/2020,NC,New Hanover County,37129,Medium metro,53,1838
11/04/2020,02/01/2020,10/31/2020,NC,Onslow County,37133,Small metro,13,573
11/04/2020,02/01/2020,10/31/2020,NC,Orange County,37135,Medium metro,78,925
11/04/2020,02/01/2020,10/31/2020,NC,Pasquotank County,37139,Micropolitan,23,325
11/04/2020,02/01/2020,10/31/2020,NC,Pitt County,37147,Small metro,61,1543
11/04/2020,02/01/2020,10/31/2020,NC,Randolph County,37151,Medium metro,20,740
11/04/2020,02/01/2020,10/31/2020,NC,Robeson County,37155,Micropolitan,50,772
11/04/2020,02/01/2020,10/31/2020,NC,Rowan County,37159,Large fringe metro,58,948
11/04/2020,02/01/2020,10/31/2020,NC,Rutherford County,37161,Micropolitan,15,468
11/04/2020,02/01/2020,10/31/2020,NC,Scotland County,37165,Micropolitan,12,323
11/04/2020,02/01/2020,10/31/2020,NC,Stanly County,37167,Micropolitan,18,393
11/04/2020,02/01/2020,10/31/2020,NC,Surry County,37171,Micropolitan,14,609
11/04/2020,02/01/2020,10/31/2020,NC,Union County,37179,Large fringe metro,37,839
11/04/2020,02/01/2020,10/31/2020,NC,Vance County,37181,Micropolitan,45,352
11/04/2020,02/01/2020,10/31/2020,NC,Wake County,37183,Large central metro,259,4131
11/04/2020,02/01/2020,10/31/2020,NC,Wayne County,37191,Small metro,62,984
11/04/2020,02/01/2020,10/31/2020,NC,Wilkes County,37193,Micropolitan,12,407
11/04/2020,02/01/2020,10/31/2020,NC,Wilson County,37195,Micropolitan,39,537
11/04/2020,02/01/2020,10/31/2020,ND,Bottineau County,38009,Noncore,13,46
11/04/2020,02/01/2020,10/31/2020,ND,Burleigh County,38015,Small metro,98,954
11/04/2020,02/01/2020,10/31/2020,ND,Cass County,38017,Small metro,166,1639
11/04/2020,02/01/2020,10/31/2020,ND,Grand Forks County,38035,Small metro,30,534
11/04/2020,02/01/2020,10/31/2020,ND,McHenry County,38049,Micropolitan,12,46
11/04/2020,02/01/2020,10/31/2020,ND,Morton County,38059,Small metro,17,222
11/04/2020,02/01/2020,10/31/2020,ND,Stark County,38089,Micropolitan,28,176
11/04/2020,02/01/2020,10/31/2020,ND,Ward County,38101,Micropolitan,47,556
11/04/2020,02/01/2020,10/31/2020,NE,Adams County,31001,Micropolitan,21,237
11/04/2020,02/01/2020,10/31/2020,NE,Buffalo County,31019,Micropolitan,39,432
11/04/2020,02/01/2020,10/31/2020,NE,Dakota County,31043,Small metro,10,86
11/04/2020,02/01/2020,10/31/2020,NE,Dodge County,31053,Micropolitan,22,327
11/04/2020,02/01/2020,10/31/2020,NE,Douglas County,31055,Medium metro,308,4269
11/04/2020,02/01/2020,10/31/2020,NE,Hall County,31079,Small metro,42,419
11/04/2020,02/01/2020,10/31/2020,NE,Hamilton County,31081,Small metro,15,64
11/04/2020,02/01/2020,10/31/2020,NE,Lancaster County,31109,Medium metro,86,2201
11/04/2020,02/01/2020,10/31/2020,NE,Lincoln County,31111,Micropolitan,24,328
11/04/2020,02/01/2020,10/31/2020,NE,Madison County,31119,Micropolitan,12,306
11/04/2020,02/01/2020,10/31/2020,NE,Perkins County,31135,Noncore,11,32
11/04/2020,02/01/2020,10/31/2020,NE,Sarpy County,31153,Medium metro,15,677
11/04/2020,02/01/2020,10/31/2020,NE,Scotts Bluff County,31157,Micropolitan,13,361
11/04/2020,02/01/2020,10/31/2020,NH,Hillsborough County,33011,Medium metro,325,2952
11/04/2020,02/01/2020,10/31/2020,NH,Merrimack County,33013,Micropolitan,30,1211
11/04/2020,02/01/2020,10/31/2020,NH,Rockingham County,33015,Large fringe metro,84,1820
11/04/2020,02/01/2020,10/31/2020,NJ,Atlantic County,34001,Medium metro,221,2391
11/04/2020,02/01/2020,10/31/2020,NJ,Bergen County,34003,Large fringe metro,2078,7879
11/04/2020,02/01/2020,10/31/2020,NJ,Burlington County,34005,Large fringe metro,463,3086
11/04/2020,02/01/2020,10/31/2020,NJ,Camden County,34007,Large fringe metro,581,5097
11/04/2020,02/01/2020,10/31/2020,NJ,Cape May County,34009,Small metro,80,899
11/04/2020,02/01/2020,10/31/2020,NJ,Cumberland County,34011,Small metro,123,1272
11/04/2020,02/01/2020,10/31/2020,NJ,Essex County,34013,Large central metro,2045,7347
11/04/2020,02/01/2020,10/31/2020,NJ,Gloucester County,34015,Large fringe metro,219,2171
11/04/2020,02/01/2020,10/31/2020,NJ,Hudson County,34017,Large central metro,1099,3757
11/04/2020,02/01/2020,10/31/2020,NJ,Hunterdon County,34019,Large fringe metro,123,720
11/04/2020,02/01/2020,10/31/2020,NJ,Mercer County,34021,Medium metro,536,2645
11/04/2020,02/01/2020,10/31/2020,NJ,Middlesex County,34023,Large fringe metro,1495,6519
11/04/2020,02/01/2020,10/31/2020,NJ,Monmouth County,34025,Large fringe metro,869,5555
11/04/2020,02/01/2020,10/31/2020,NJ,Morris County,34027,Large fringe metro,1000,4637
11/04/2020,02/01/2020,10/31/2020,NJ,Ocean County,34029,Large fringe metro,849,5830
11/04/2020,02/01/2020,10/31/2020,NJ,Passaic County,34031,Large fringe metro,1007,3724
11/04/2020,02/01/2020,10/31/2020,NJ,Salem County,34033,Large fringe metro,61,540
11/04/2020,02/01/2020,10/31/2020,NJ,Somerset County,34035,Large fringe metro,415,2069
11/04/2020,02/01/2020,10/31/2020,NJ,Sussex County,34037,Large fringe metro,158,984
11/04/2020,02/01/2020,10/31/2020,NJ,Union County,34039,Large central metro,1010,4139
11/04/2020,02/01/2020,10/31/2020,NJ,Warren County,34041,Medium metro,139,804
11/04/2020,02/01/2020,10/31/2020,NM,Bernalillo County,35001,Medium metro,373,5786
11/04/2020,02/01/2020,10/31/2020,NM,Chaves County,35005,Micropolitan,11,464
11/04/2020,02/01/2020,10/31/2020,NM,Dona Ana County,35013,Small metro,58,1473
11/04/2020,02/01/2020,10/31/2020,NM,McKinley County,35031,Micropolitan,96,480
11/04/2020,02/01/2020,10/31/2020,NM,Sandoval County,35043,Medium metro,94,1054
11/04/2020,02/01/2020,10/31/2020,NM,San Juan County,35045,Small metro,192,976
11/04/2020,02/01/2020,10/31/2020,NM,Santa Fe County,35049,Small metro,18,989
11/04/2020,02/01/2020,10/31/2020,NV,Clark County,32003,Large central metro,1432,15510
11/04/2020,02/01/2020,10/31/2020,NV,Washoe County,32031,Medium metro,199,3761
11/04/2020,02/01/2020,10/31/2020,NV,Carson City,32510,Small metro,12,835
11/04/2020,02/01/2020,10/31/2020,NY,Albany County,36001,Medium metro,213,3099
11/04/2020,02/01/2020,10/31/2020,NY,Bronx County,36005,Large central metro,4323,13806
11/04/2020,02/01/2020,10/31/2020,NY,Broome County,36007,Small metro,126,1932
11/04/2020,02/01/2020,10/31/2020,NY,Cattaraugus County,36009,Micropolitan,16,575
11/04/2020,02/01/2020,10/31/2020,NY,Chemung County,36015,Small metro,24,716
11/04/2020,02/01/2020,10/31/2020,NY,Columbia County,36021,Micropolitan,49,481
11/04/2020,02/01/2020,10/31/2020,NY,Dutchess County,36027,Large fringe metro,206,2221
11/04/2020,02/01/2020,10/31/2020,NY,Erie County,36029,Large central metro,754,8505
11/04/2020,02/01/2020,10/31/2020,NY,Fulton County,36035,Micropolitan,31,382
11/04/2020,02/01/2020,10/31/2020,NY,Herkimer County,36043,Medium metro,13,378
11/04/2020,02/01/2020,10/31/2020,NY,Kings County,36047,Large central metro,6111,18626
11/04/2020,02/01/2020,10/31/2020,NY,Madison County,36053,Medium metro,12,411
11/04/2020,02/01/2020,10/31/2020,NY,Monroe County,36055,Large central metro,356,6377
11/04/2020,02/01/2020,10/31/2020,NY,Nassau County,36059,Large fringe metro,3254,12519
11/04/2020,02/01/2020,10/31/2020,NY,New York County,36061,Large central metro,4006,14527
11/04/2020,02/01/2020,10/31/2020,NY,Niagara County,36063,Large fringe metro,81,1732
11/04/2020,02/01/2020,10/31/2020,NY,Oneida County,36065,Medium metro,141,2169
11/04/2020,02/01/2020,10/31/2020,NY,Onondaga County,36067,Medium metro,255,4352
11/04/2020,02/01/2020,10/31/2020,NY,Ontario County,36069,Large fringe metro,35,824
11/04/2020,02/01/2020,10/31/2020,NY,Orange County,36071,Large fringe metro,490,2617
11/04/2020,02/01/2020,10/31/2020,NY,Orleans County,36073,Large fringe metro,44,260
11/04/2020,02/01/2020,10/31/2020,NY,Otsego County,36077,Micropolitan,14,633
11/04/2020,02/01/2020,10/31/2020,NY,Putnam County,36079,Large fringe metro,70,463
11/04/2020,02/01/2020,10/31/2020,NY,Queens County,36081,Large central metro,5470,16166
11/04/2020,02/01/2020,10/31/2020,NY,Rensselaer County,36083,Medium metro,43,1141
11/04/2020,02/01/2020,10/31/2020,NY,Richmond County,36085,Large central metro,997,3851
11/04/2020,02/01/2020,10/31/2020,NY,Rockland County,36087,Large fringe metro,664,2329
11/04/2020,02/01/2020,10/31/2020,NY,Schenectady County,36093,Medium metro,37,1234
11/04/2020,02/01/2020,10/31/2020,NY,Steuben County,36101,Micropolitan,66,758
11/04/2020,02/01/2020,10/31/2020,NY,Suffolk County,36103,Large fringe metro,2723,12324
11/04/2020,02/01/2020,10/31/2020,NY,Sullivan County,36105,Noncore,45,517
11/04/2020,02/01/2020,10/31/2020,NY,Tioga County,36107,Small metro,20,241
11/04/2020,02/01/2020,10/31/2020,NY,Ulster County,36111,Small metro,60,1074
11/04/2020,02/01/2020,10/31/2020,NY,Warren County,36113,Small metro,44,751
11/04/2020,02/01/2020,10/31/2020,NY,Washington County,36115,Small metro,12,429
11/04/2020,02/01/2020,10/31/2020,NY,Westchester County,36119,Large fringe metro,1911,7324
11/04/2020,02/01/2020,10/31/2020,OH,Allen County,39003,Small metro,93,1140
11/04/2020,02/01/2020,10/31/2020,OH,Ashtabula County,39007,Micropolitan,35,746
11/04/2020,02/01/2020,10/31/2020,OH,Butler County,39017,Large fringe metro,110,2461
11/04/2020,02/01/2020,10/31/2020,OH,Clark County,39023,Small metro,48,1273
11/04/2020,02/01/2020,10/31/2020,OH,Clermont County,39025,Large fringe metro,17,918
11/04/2020,02/01/2020,10/31/2020,OH,Columbiana County,39029,Micropolitan,65,848
11/04/2020,02/01/2020,10/31/2020,OH,Cuyahoga County,39035,Large central metro,775,12826
11/04/2020,02/01/2020,10/31/2020,OH,Darke County,39037,Micropolitan,40,409
11/04/2020,02/01/2020,10/31/2020,OH,Delaware County,39041,Large fringe metro,11,687
11/04/2020,02/01/2020,10/31/2020,OH,Erie County,39043,Micropolitan,52,863
11/04/2020,02/01/2020,10/31/2020,OH,Fairfield County,39045,Large fringe metro,48,1068
11/04/2020,02/01/2020,10/31/2020,OH,Franklin County,39049,Large central metro,803,10727
11/04/2020,02/01/2020,10/31/2020,OH,Gallia County,39053,Micropolitan,18,305
11/04/2020,02/01/2020,10/31/2020,OH,Geauga County,39055,Large fringe metro,52,698
11/04/2020,02/01/2020,10/31/2020,OH,Greene County,39057,Medium metro,37,938
11/04/2020,02/01/2020,10/31/2020,OH,Hamilton County,39061,Large central metro,370,7839
11/04/2020,02/01/2020,10/31/2020,OH,Hancock County,39063,Micropolitan,35,697
11/04/2020,02/01/2020,10/31/2020,OH,Henry County,39069,Noncore,11,131
11/04/2020,02/01/2020,10/31/2020,OH,Knox County,39083,Micropolitan,10,430
11/04/2020,02/01/2020,10/31/2020,OH,Lake County,39085,Large fringe metro,50,1576
11/04/2020,02/01/2020,10/31/2020,OH,Licking County,39089,Large fringe metro,58,1172
11/04/2020,02/01/2020,10/31/2020,OH,Lorain County,39093,Large fringe metro,63,2064
11/04/2020,02/01/2020,10/31/2020,OH,Lucas County,39095,Medium metro,458,4633
11/04/2020,02/01/2020,10/31/2020,OH,Mahoning County,39099,Medium metro,301,2892
11/04/2020,02/01/2020,10/31/2020,OH,Marion County,39101,Micropolitan,37,556
11/04/2020,02/01/2020,10/31/2020,OH,Medina County,39103,Large fringe metro,26,1018
11/04/2020,02/01/2020,10/31/2020,OH,Mercer County,39107,Micropolitan,12,263
11/04/2020,02/01/2020,10/31/2020,OH,Miami County,39109,Medium metro,39,759
11/04/2020,02/01/2020,10/31/2020,OH,Montgomery County,39113,Medium metro,304,6045
11/04/2020,02/01/2020,10/31/2020,OH,Muskingum County,39119,Micropolitan,12,865
11/04/2020,02/01/2020,10/31/2020,OH,Ottawa County,39123,Micropolitan,18,255
11/04/2020,02/01/2020,10/31/2020,OH,Pickaway County,39129,Large fringe metro,15,361
11/04/2020,02/01/2020,10/31/2020,OH,Portage County,39133,Medium metro,47,1006
11/04/2020,02/01/2020,10/31/2020,OH,Putnam County,39137,Noncore,15,185
11/04/2020,02/01/2020,10/31/2020,OH,Richland County,39139,Small metro,23,1096
11/04/2020,02/01/2020,10/31/2020,OH,Ross County,39141,Micropolitan,27,768
11/04/2020,02/01/2020,10/31/2020,OH,Sandusky County,39143,Micropolitan,18,406
11/04/2020,02/01/2020,10/31/2020,OH,Scioto County,39145,Micropolitan,14,890
11/04/2020,02/01/2020,10/31/2020,OH,Shelby County,39149,Micropolitan,11,290
11/04/2020,02/01/2020,10/31/2020,OH,Stark County,39151,Medium metro,205,3607
11/04/2020,02/01/2020,10/31/2020,OH,Summit County,39153,Medium metro,239,4885
11/04/2020,02/01/2020,10/31/2020,OH,Trumbull County,39155,Medium metro,80,1610
11/04/2020,02/01/2020,10/31/2020,OH,Tuscarawas County,39157,Micropolitan,22,828
11/04/2020,02/01/2020,10/31/2020,OH,Warren County,39165,Large fringe metro,46,1375
11/04/2020,02/01/2020,10/31/2020,OH,Washington County,39167,Micropolitan,29,629
11/04/2020,02/01/2020,10/31/2020,OH,Wayne County,39169,Micropolitan,65,841
11/04/2020,02/01/2020,10/31/2020,OH,Wood County,39173,Medium metro,58,970
11/04/2020,02/01/2020,10/31/2020,OH,Wyandot County,39175,Noncore,11,174
11/04/2020,02/01/2020,10/31/2020,OK,Bryan County,40013,Micropolitan,21,331
11/04/2020,02/01/2020,10/31/2020,OK,Caddo County,40015,Noncore,15,197
11/04/2020,02/01/2020,10/31/2020,OK,Canadian County,40017,Large fringe metro,11,518
11/04/2020,02/01/2020,10/31/2020,OK,Cherokee County,40021,Micropolitan,12,346
11/04/2020,02/01/2020,10/31/2020,OK,Cleveland County,40027,Large fringe metro,109,1476
11/04/2020,02/01/2020,10/31/2020,OK,Comanche County,40031,Small metro,26,775
11/04/2020,02/01/2020,10/31/2020,OK,Delaware County,40041,Noncore,24,352
11/04/2020,02/01/2020,10/31/2020,OK,Garfield County,40047,Micropolitan,36,572
11/04/2020,02/01/2020,10/31/2020,OK,Grady County,40051,Large fringe metro,13,319
11/04/2020,02/01/2020,10/31/2020,OK,Kay County,40071,Micropolitan,11,325
11/04/2020,02/01/2020,10/31/2020,OK,McCurtain County,40089,Noncore,13,228
11/04/2020,02/01/2020,10/31/2020,OK,Muskogee County,40101,Micropolitan,50,708
11/04/2020,02/01/2020,10/31/2020,OK,Oklahoma County,40109,Large central metro,449,7759
11/04/2020,02/01/2020,10/31/2020,OK,Pittsburg County,40121,Micropolitan,20,396
11/04/2020,02/01/2020,10/31/2020,OK,Pottawatomie County,40125,Micropolitan,15,578
11/04/2020,02/01/2020,10/31/2020,OK,Rogers County,40131,Medium metro,13,557
11/04/2020,02/01/2020,10/31/2020,OK,Tulsa County,40143,Medium metro,421,6393
11/04/2020,02/01/2020,10/31/2020,OK,Washington County,40147,Micropolitan,41,545
11/04/2020,02/01/2020,10/31/2020,OK,Woodward County,40153,Micropolitan,14,144
11/04/2020,02/01/2020,10/31/2020,OR,Clackamas County,41005,Large fringe metro,56,2658
11/04/2020,02/01/2020,10/31/2020,OR,Deschutes County,41017,Small metro,22,1291
11/04/2020,02/01/2020,10/31/2020,OR,Lane County,41039,Medium metro,23,2992
11/04/2020,02/01/2020,10/31/2020,OR,Lincoln County,41041,Micropolitan,12,400
11/04/2020,02/01/2020,10/31/2020,OR,Linn County,41043,Small metro,16,1058
11/04/2020,02/01/2020,10/31/2020,OR,Malheur County,41045,Micropolitan,10,223
11/04/2020,02/01/2020,10/31/2020,OR,Marion County,41047,Medium metro,85,2195
11/04/2020,02/01/2020,10/31/2020,OR,Multnomah County,41051,Large central metro,199,5261
11/04/2020,02/01/2020,10/31/2020,OR,Umatilla County,41059,Micropolitan,32,476
11/04/2020,02/01/2020,10/31/2020,OR,Wasco County,41065,Micropolitan,13,239
11/04/2020,02/01/2020,10/31/2020,OR,Washington County,41067,Large fringe metro,100,2780
11/04/2020,02/01/2020,10/31/2020,OR,Yamhill County,41071,Large fringe metro,13,691
11/04/2020,02/01/2020,10/31/2020,PA,Adams County,42001,Small metro,15,684
11/04/2020,02/01/2020,10/31/2020,PA,Allegheny County,42003,Large central metro,504,12858
11/04/2020,02/01/2020,10/31/2020,PA,Armstrong County,42005,Large fringe metro,17,486
11/04/2020,02/01/2020,10/31/2020,PA,Beaver County,42007,Large fringe metro,141,1530
11/04/2020,02/01/2020,10/31/2020,PA,Berks County,42011,Medium metro,406,3240
11/04/2020,02/01/2020,10/31/2020,PA,Blair County,42013,Small metro,37,1485
11/04/2020,02/01/2020,10/31/2020,PA,Bradford County,42015,Micropolitan,28,680
11/04/2020,02/01/2020,10/31/2020,PA,Bucks County,42017,Large fringe metro,600,5008
11/04/2020,02/01/2020,10/31/2020,PA,Butler County,42019,Large fringe metro,15,1444
11/04/2020,02/01/2020,10/31/2020,PA,Carbon County,42025,Medium metro,20,498
11/04/2020,02/01/2020,10/31/2020,PA,Centre County,42027,Small metro,17,787
11/04/2020,02/01/2020,10/31/2020,PA,Chester County,42029,Large fringe metro,431,3550
11/04/2020,02/01/2020,10/31/2020,PA,Clearfield County,42033,Micropolitan,11,719
11/04/2020,02/01/2020,10/31/2020,PA,Columbia County,42037,Small metro,27,362
11/04/2020,02/01/2020,10/31/2020,PA,Cumberland County,42041,Medium metro,113,2028
11/04/2020,02/01/2020,10/31/2020,PA,Dauphin County,42043,Medium metro,215,2728
11/04/2020,02/01/2020,10/31/2020,PA,Delaware County,42045,Large fringe metro,767,4420
11/04/2020,02/01/2020,10/31/2020,PA,Erie County,42049,Medium metro,53,2522
11/04/2020,02/01/2020,10/31/2020,PA,Fayette County,42051,Large fringe metro,13,1036
11/04/2020,02/01/2020,10/31/2020,PA,Franklin County,42055,Small metro,58,1267
11/04/2020,02/01/2020,10/31/2020,PA,Huntingdon County,42061,Micropolitan,12,287
11/04/2020,02/01/2020,10/31/2020,PA,Indiana County,42063,Micropolitan,12,644
11/04/2020,02/01/2020,10/31/2020,PA,Lackawanna County,42069,Medium metro,245,2490
11/04/2020,02/01/2020,10/31/2020,PA,Lancaster County,42071,Medium metro,457,4282
11/04/2020,02/01/2020,10/31/2020,PA,Lawrence County,42073,Micropolitan,31,836
11/04/2020,02/01/2020,10/31/2020,PA,Lebanon County,42075,Small metro,61,1127
11/04/2020,02/01/2020,10/31/2020,PA,Lehigh County,42077,Medium metro,533,4060
11/04/2020,02/01/2020,10/31/2020,PA,Luzerne County,42079,Medium metro,196,3214
11/04/2020,02/01/2020,10/31/2020,PA,Lycoming County,42081,Small metro,36,1096
11/04/2020,02/01/2020,10/31/2020,PA,Mercer County,42085,Medium metro,26,1027
11/04/2020,02/01/2020,10/31/2020,PA,Monroe County,42089,Small metro,114,1130
11/04/2020,02/01/2020,10/31/2020,PA,Montgomery County,42091,Large fringe metro,1171,7379
11/04/2020,02/01/2020,10/31/2020,PA,Montour County,42093,Small metro,68,1010
11/04/2020,02/01/2020,10/31/2020,PA,Northampton County,42095,Medium metro,279,2306
11/04/2020,02/01/2020,10/31/2020,PA,Northumberland County,42097,Micropolitan,87,740
11/04/2020,02/01/2020,10/31/2020,PA,Philadelphia County,42101,Large central metro,1721,13484
11/04/2020,02/01/2020,10/31/2020,PA,Pike County,42103,Large fringe metro,13,242
11/04/2020,02/01/2020,10/31/2020,PA,Schuylkill County,42107,Micropolitan,60,1271
11/04/2020,02/01/2020,10/31/2020,PA,Snyder County,42109,Micropolitan,11,195
11/04/2020,02/01/2020,10/31/2020,PA,Susquehanna County,42115,Noncore,35,341
11/04/2020,02/01/2020,10/31/2020,PA,Union County,42119,Micropolitan,15,347
11/04/2020,02/01/2020,10/31/2020,PA,Washington County,42125,Large fringe metro,27,1825
11/04/2020,02/01/2020,10/31/2020,PA,Wayne County,42127,Noncore,12,436
11/04/2020,02/01/2020,10/31/2020,PA,Westmoreland County,42129,Large fringe metro,81,2800
11/04/2020,02/01/2020,10/31/2020,PA,York County,42133,Medium metro,206,3405
11/04/2020,02/01/2020,10/31/2020,RI,Kent County,44003,Large fringe metro,119,1220
11/04/2020,02/01/2020,10/31/2020,RI,Providence County,44007,Large central metro,937,5670
11/04/2020,02/01/2020,10/31/2020,RI,Washington County,44009,Large fringe metro,62,852
11/04/2020,02/01/2020,10/31/2020,SC,Aiken County,45003,Medium metro,79,1382
11/04/2020,02/01/2020,10/31/2020,SC,Anderson County,45007,Medium metro,198,2079
11/04/2020,02/01/2020,10/31/2020,SC,Beaufort County,45013,Small metro,73,1232
11/04/2020,02/01/2020,10/31/2020,SC,Berkeley County,45015,Medium metro,54,1133
11/04/2020,02/01/2020,10/31/2020,SC,Calhoun County,45017,Medium metro,13,110
11/04/2020,02/01/2020,10/31/2020,SC,Charleston County,45019,Medium metro,376,4030
11/04/2020,02/01/2020,10/31/2020,SC,Cherokee County,45021,Micropolitan,11,374
11/04/2020,02/01/2020,10/31/2020,SC,Chesterfield County,45025,Noncore,24,358
11/04/2020,02/01/2020,10/31/2020,SC,Clarendon County,45027,Noncore,32,254
11/04/2020,02/01/2020,10/31/2020,SC,Colleton County,45029,Noncore,39,416
11/04/2020,02/01/2020,10/31/2020,SC,Darlington County,45031,Small metro,66,504
11/04/2020,02/01/2020,10/31/2020,SC,Dillon County,45033,Noncore,18,265
11/04/2020,02/01/2020,10/31/2020,SC,Dorchester County,45035,Medium metro,61,760
11/04/2020,02/01/2020,10/31/2020,SC,Fairfield County,45039,Medium metro,13,177
11/04/2020,02/01/2020,10/31/2020,SC,Florence County,45041,Small metro,371,2519
11/04/2020,02/01/2020,10/31/2020,SC,Georgetown County,45043,Micropolitan,67,785
11/04/2020,02/01/2020,10/31/2020,SC,Greenville County,45045,Medium metro,358,4483
11/04/2020,02/01/2020,10/31/2020,SC,Greenwood County,45047,Micropolitan,107,900
11/04/2020,02/01/2020,10/31/2020,SC,Hampton County,45049,Noncore,22,146
11/04/2020,02/01/2020,10/31/2020,SC,Horry County,45051,Medium metro,222,3339
11/04/2020,02/01/2020,10/31/2020,SC,Jasper County,45053,Small metro,29,259
11/04/2020,02/01/2020,10/31/2020,SC,Kershaw County,45055,Medium metro,21,479
11/04/2020,02/01/2020,10/31/2020,SC,Lancaster County,45057,Large fringe metro,55,652
11/04/2020,02/01/2020,10/31/2020,SC,Laurens County,45059,Medium metro,33,565
11/04/2020,02/01/2020,10/31/2020,SC,Lexington County,45063,Medium metro,191,2341
11/04/2020,02/01/2020,10/31/2020,SC,Marion County,45067,Noncore,17,240
11/04/2020,02/01/2020,10/31/2020,SC,Newberry County,45071,Micropolitan,28,341
11/04/2020,02/01/2020,10/31/2020,SC,Oconee County,45073,Micropolitan,26,715
11/04/2020,02/01/2020,10/31/2020,SC,Orangeburg County,45075,Micropolitan,124,910
11/04/2020,02/01/2020,10/31/2020,SC,Pickens County,45077,Medium metro,35,759
11/04/2020,02/01/2020,10/31/2020,SC,Richland County,45079,Medium metro,344,3440
11/04/2020,02/01/2020,10/31/2020,SC,Saluda County,45081,Medium metro,10,121
11/04/2020,02/01/2020,10/31/2020,SC,Spartanburg County,45083,Medium metro,277,3075
11/04/2020,02/01/2020,10/31/2020,SC,Sumter County,45085,Small metro,79,952
11/04/2020,02/01/2020,10/31/2020,SC,Williamsburg County,45089,Noncore,18,223
11/04/2020,02/01/2020,10/31/2020,SC,York County,45091,Large fringe metro,97,1725
11/04/2020,02/01/2020,10/31/2020,SD,Codington County,46029,Micropolitan,12,225
11/04/2020,02/01/2020,10/31/2020,SD,Jerauld County,46073,Noncore,12,27
11/04/2020,02/01/2020,10/31/2020,SD,Lincoln County,46083,Small metro,13,209
11/04/2020,02/01/2020,10/31/2020,SD,Minnehaha County,46099,Small metro,217,1976
11/04/2020,02/01/2020,10/31/2020,SD,Pennington County,46103,Small metro,66,967
11/04/2020,02/01/2020,10/31/2020,SD,Yankton County,46135,Micropolitan,13,215
11/04/2020,02/01/2020,10/31/2020,TN,Anderson County,47001,Medium metro,18,869
11/04/2020,02/01/2020,10/31/2020,TN,Blount County,47009,Medium metro,32,1064
11/04/2020,02/01/2020,10/31/2020,TN,Bradley County,47011,Small metro,26,856
11/04/2020,02/01/2020,10/31/2020,TN,Carroll County,47017,Noncore,19,287
11/04/2020,02/01/2020,10/31/2020,TN,Carter County,47019,Small metro,18,521
11/04/2020,02/01/2020,10/31/2020,TN,Cocke County,47029,Micropolitan,10,361
11/04/2020,02/01/2020,10/31/2020,TN,Coffee County,47031,Micropolitan,24,489
11/04/2020,02/01/2020,10/31/2020,TN,Cumberland County,47035,Micropolitan,20,640
11/04/2020,02/01/2020,10/31/2020,TN,Davidson County,47037,Large central metro,565,7481
11/04/2020,02/01/2020,10/31/2020,TN,DeKalb County,47041,Noncore,10,188
11/04/2020,02/01/2020,10/31/2020,TN,Dickson County,47043,Large fringe metro,25,432
11/04/2020,02/01/2020,10/31/2020,TN,Dyer County,47045,Micropolitan,27,402
11/04/2020,02/01/2020,10/31/2020,TN,Franklin County,47051,Micropolitan,12,368
11/04/2020,02/01/2020,10/31/2020,TN,Gibson County,47053,Noncore,19,466
11/04/2020,02/01/2020,10/31/2020,TN,Giles County,47055,Noncore,19,294
11/04/2020,02/01/2020,10/31/2020,TN,Greene County,47059,Micropolitan,22,613
11/04/2020,02/01/2020,10/31/2020,TN,Hamblen County,47063,Small metro,48,680
11/04/2020,02/01/2020,10/31/2020,TN,Hamilton County,47065,Medium metro,201,4308
11/04/2020,02/01/2020,10/31/2020,TN,Hardin County,47071,Noncore,10,273
11/04/2020,02/01/2020,10/31/2020,TN,Hawkins County,47073,Medium metro,10,395
11/04/2020,02/01/2020,10/31/2020,TN,Henderson County,47077,Noncore,12,233
11/04/2020,02/01/2020,10/31/2020,TN,Jefferson County,47089,Small metro,11,472
11/04/2020,02/01/2020,10/31/2020,TN,Knox County,47093,Medium metro,189,5291
11/04/2020,02/01/2020,10/31/2020,TN,McMinn County,47107,Micropolitan,24,503
11/04/2020,02/01/2020,10/31/2020,TN,Madison County,47113,Small metro,234,1681
11/04/2020,02/01/2020,10/31/2020,TN,Maury County,47119,Large fringe metro,54,942
11/04/2020,02/01/2020,10/31/2020,TN,Monroe County,47123,Noncore,15,385
11/04/2020,02/01/2020,10/31/2020,TN,Montgomery County,47125,Medium metro,41,1067
11/04/2020,02/01/2020,10/31/2020,TN,Obion County,47131,Micropolitan,18,279
11/04/2020,02/01/2020,10/31/2020,TN,Overton County,47133,Micropolitan,17,234
11/04/2020,02/01/2020,10/31/2020,TN,Putnam County,47141,Micropolitan,68,979
11/04/2020,02/01/2020,10/31/2020,TN,Robertson County,47147,Large fringe metro,18,501
11/04/2020,02/01/2020,10/31/2020,TN,Rutherford County,47149,Large fringe metro,171,2213
11/04/2020,02/01/2020,10/31/2020,TN,Sevier County,47155,Micropolitan,14,732
11/04/2020,02/01/2020,10/31/2020,TN,Shelby County,47157,Large central metro,598,8682
11/04/2020,02/01/2020,10/31/2020,TN,Sullivan County,47163,Medium metro,104,2528
11/04/2020,02/01/2020,10/31/2020,TN,Sumner County,47165,Large fringe metro,110,1278
11/04/2020,02/01/2020,10/31/2020,TN,Washington County,47179,Small metro,88,1842
11/04/2020,02/01/2020,10/31/2020,TN,Williamson County,47187,Large fringe metro,58,978
11/04/2020,02/01/2020,10/31/2020,TN,Wilson County,47189,Large fringe metro,27,800
11/04/2020,02/01/2020,10/31/2020,TX,Anderson County,48001,Micropolitan,32,429
11/04/2020,02/01/2020,10/31/2020,TX,Angelina County,48005,Micropolitan,75,873
11/04/2020,02/01/2020,10/31/2020,TX,Atascosa County,48013,Large fringe metro,17,280
11/04/2020,02/01/2020,10/31/2020,TX,Bee County,48025,Micropolitan,13,179
11/04/2020,02/01/2020,10/31/2020,TX,Bell County,48027,Medium metro,138,2418
11/04/2020,02/01/2020,10/31/2020,TX,Bexar County,48029,Large central metro,1856,13440
11/04/2020,02/01/2020,10/31/2020,TX,Bowie County,48037,Small metro,119,1226
11/04/2020,02/01/2020,10/31/2020,TX,Brazoria County,48039,Large fringe metro,150,1776
11/04/2020,02/01/2020,10/31/2020,TX,Brazos County,48041,Small metro,118,1230
11/04/2020,02/01/2020,10/31/2020,TX,Brown County,48049,Micropolitan,30,399
11/04/2020,02/01/2020,10/31/2020,TX,Burnet County,48053,Noncore,18,352
11/04/2020,02/01/2020,10/31/2020,TX,Caldwell County,48055,Large fringe metro,15,236
11/04/2020,02/01/2020,10/31/2020,TX,Cameron County,48061,Medium metro,1097,3452
11/04/2020,02/01/2020,10/31/2020,TX,Cherokee County,48073,Micropolitan,21,348
11/04/2020,02/01/2020,10/31/2020,TX,Collin County,48085,Large central metro,300,4909
11/04/2020,02/01/2020,10/31/2020,TX,Comal County,48091,Large fringe metro,123,1125
11/04/2020,02/01/2020,10/31/2020,TX,Dallas County,48113,Large central metro,1183,14262
11/04/2020,02/01/2020,10/31/2020,TX,Deaf Smith County,48117,Micropolitan,10,76
11/04/2020,02/01/2020,10/31/2020,TX,Denton County,48121,Large fringe metro,201,3327
11/04/2020,02/01/2020,10/31/2020,TX,DeWitt County,48123,Noncore,31,160
11/04/2020,02/01/2020,10/31/2020,TX,Ector County,48135,Small metro,141,1182
11/04/2020,02/01/2020,10/31/2020,TX,Ellis County,48139,Large fringe metro,52,955
11/04/2020,02/01/2020,10/31/2020,TX,El Paso County,48141,Medium metro,664,5386
11/04/2020,02/01/2020,10/31/2020,TX,Fannin County,48147,Noncore,10,238
11/04/2020,02/01/2020,10/31/2020,TX,Fort Bend County,48157,Large fringe metro,271,2908
11/04/2020,02/01/2020,10/31/2020,TX,Galveston County,48167,Large fringe metro,301,2238
11/04/2020,02/01/2020,10/31/2020,TX,Gillespie County,48171,Micropolitan,11,268
11/04/2020,02/01/2020,10/31/2020,TX,Grayson County,48181,Small metro,94,1433
11/04/2020,02/01/2020,10/31/2020,TX,Gregg County,48183,Small metro,129,1491
11/04/2020,02/01/2020,10/31/2020,TX,Guadalupe County,48187,Large fringe metro,64,788
11/04/2020,02/01/2020,10/31/2020,TX,Hale County,48189,Micropolitan,45,206
11/04/2020,02/01/2020,10/31/2020,TX,Hardin County,48199,Medium metro,10,288
11/04/2020,02/01/2020,10/31/2020,TX,Harris County,48201,Large central metro,2979,26158
11/04/2020,02/01/2020,10/31/2020,TX,Harrison County,48203,Micropolitan,16,335
11/04/2020,02/01/2020,10/31/2020,TX,Hays County,48209,Large fringe metro,36,948
11/04/2020,02/01/2020,10/31/2020,TX,Henderson County,48213,Micropolitan,18,676
11/04/2020,02/01/2020,10/31/2020,TX,Hidalgo County,48215,Medium metro,1741,5612
11/04/2020,02/01/2020,10/31/2020,TX,Hood County,48221,Large fringe metro,33,520
11/04/2020,02/01/2020,10/31/2020,TX,Hopkins County,48223,Micropolitan,23,338
11/04/2020,02/01/2020,10/31/2020,TX,Howard County,48227,Micropolitan,10,244
11/04/2020,02/01/2020,10/31/2020,TX,Hunt County,48231,Large fringe metro,40,718
11/04/2020,02/01/2020,10/31/2020,TX,Jefferson County,48245,Medium metro,226,2602
11/04/2020,02/01/2020,10/31/2020,TX,Jim Wells County,48249,Micropolitan,23,247
11/04/2020,02/01/2020,10/31/2020,TX,Johnson County,48251,Large fringe metro,23,799
11/04/2020,02/01/2020,10/31/2020,TX,Karnes County,48255,Noncore,13,93
11/04/2020,02/01/2020,10/31/2020,TX,Kaufman County,48257,Large fringe metro,20,596
11/04/2020,02/01/2020,10/31/2020,TX,Kleberg County,48273,Micropolitan,38,213
11/04/2020,02/01/2020,10/31/2020,TX,Lamar County,48277,Micropolitan,63,586
11/04/2020,02/01/2020,10/31/2020,TX,Lamb County,48279,Noncore,14,104
11/04/2020,02/01/2020,10/31/2020,TX,Lavaca County,48285,Noncore,16,168
11/04/2020,02/01/2020,10/31/2020,TX,Liberty County,48291,Large fringe metro,11,382
11/04/2020,02/01/2020,10/31/2020,TX,Limestone County,48293,Noncore,12,199
11/04/2020,02/01/2020,10/31/2020,TX,Lubbock County,48303,Medium metro,338,3073
11/04/2020,02/01/2020,10/31/2020,TX,McLennan County,48309,Medium metro,161,2099
11/04/2020,02/01/2020,10/31/2020,TX,Matagorda County,48321,Micropolitan,39,252
11/04/2020,02/01/2020,10/31/2020,TX,Maverick County,48323,Micropolitan,84,337
11/04/2020,02/01/2020,10/31/2020,TX,Medina County,48325,Large fringe metro,10,260
11/04/2020,02/01/2020,10/31/2020,TX,Midland County,48329,Small metro,86,919
11/04/2020,02/01/2020,10/31/2020,TX,Montgomery County,48339,Large fringe metro,334,4340
11/04/2020,02/01/2020,10/31/2020,TX,Nacogdoches County,48347,Micropolitan,103,613
11/04/2020,02/01/2020,10/31/2020,TX,Navarro County,48349,Micropolitan,20,356
11/04/2020,02/01/2020,10/31/2020,TX,Nueces County,48355,Medium metro,559,3271
11/04/2020,02/01/2020,10/31/2020,TX,Orange County,48361,Medium metro,10,452
11/04/2020,02/01/2020,10/31/2020,TX,Panola County,48365,Noncore,10,191
11/04/2020,02/01/2020,10/31/2020,TX,Parker County,48367,Large fringe metro,35,736
11/04/2020,02/01/2020,10/31/2020,TX,Parmer County,48369,Noncore,13,55
11/04/2020,02/01/2020,10/31/2020,TX,Polk County,48373,Noncore,17,424
11/04/2020,02/01/2020,10/31/2020,TX,Potter County,48375,Medium metro,205,1742
11/04/2020,02/01/2020,10/31/2020,TX,Randall County,48381,Medium metro,23,525
11/04/2020,02/01/2020,10/31/2020,TX,Rockwall County,48397,Large fringe metro,64,667
11/04/2020,02/01/2020,10/31/2020,TX,Rusk County,48401,Small metro,10,318
11/04/2020,02/01/2020,10/31/2020,TX,San Patricio County,48409,Medium metro,12,321
11/04/2020,02/01/2020,10/31/2020,TX,Smith County,48423,Small metro,318,3111
11/04/2020,02/01/2020,10/31/2020,TX,Somervell County,48425,Large fringe metro,15,85
11/04/2020,02/01/2020,10/31/2020,TX,Starr County,48427,Micropolitan,65,266
11/04/2020,02/01/2020,10/31/2020,TX,Tarrant County,48439,Large central metro,1025,12704
11/04/2020,02/01/2020,10/31/2020,TX,Taylor County,48441,Small metro,94,1356
11/04/2020,02/01/2020,10/31/2020,TX,Titus County,48449,Micropolitan,20,265
11/04/2020,02/01/2020,10/31/2020,TX,Tom Green County,48451,Small metro,101,1074
11/04/2020,02/01/2020,10/31/2020,TX,Travis County,48453,Large central metro,532,5645
11/04/2020,02/01/2020,10/31/2020,TX,Uvalde County,48463,Micropolitan,26,200
11/04/2020,02/01/2020,10/31/2020,TX,Val Verde County,48465,Micropolitan,71,277
11/04/2020,02/01/2020,10/31/2020,TX,Victoria County,48469,Small metro,178,963
11/04/2020,02/01/2020,10/31/2020,TX,Walker County,48471,Micropolitan,27,370
11/04/2020,02/01/2020,10/31/2020,TX,Waller County,48473,Large fringe metro,10,192
11/04/2020,02/01/2020,10/31/2020,TX,Washington County,48477,Micropolitan,36,273
11/04/2020,02/01/2020,10/31/2020,TX,Webb County,48479,Medium metro,332,1478
11/04/2020,02/01/2020,10/31/2020,TX,Wharton County,48481,Micropolitan,33,282
11/04/2020,02/01/2020,10/31/2020,TX,Wichita County,48485,Small metro,50,1298
11/04/2020,02/01/2020,10/31/2020,TX,Williamson County,48491,Large fringe metro,204,2840
11/04/2020,02/01/2020,10/31/2020,TX,Wilson County,48493,Large fringe metro,17,281
11/04/2020,02/01/2020,10/31/2020,TX,Wise County,48497,Large fringe metro,23,488
11/04/2020,02/01/2020,10/31/2020,TX,Wood County,48499,Noncore,17,342
11/04/2020,02/01/2020,10/31/2020,UT,Davis County,49011,Medium metro,31,1450
11/04/2020,02/01/2020,10/31/2020,UT,Salt Lake County,49035,Large central metro,372,6279
11/04/2020,02/01/2020,10/31/2020,UT,San Juan County,49037,Noncore,11,76
11/04/2020,02/01/2020,10/31/2020,UT,Utah County,49049,Medium metro,77,2191
11/04/2020,02/01/2020,10/31/2020,UT,Washington County,49053,Small metro,61,1397
11/04/2020,02/01/2020,10/31/2020,UT,Weber County,49057,Medium metro,46,1586
11/04/2020,02/01/2020,10/31/2020,VA,Accomack County,51001,Noncore,20,342
11/04/2020,02/01/2020,10/31/2020,VA,Albemarle County,51003,Small metro,41,862
11/04/2020,02/01/2020,10/31/2020,VA,Arlington County,51013,Large central metro,175,1178
11/04/2020,02/01/2020,10/31/2020,VA,Augusta County,51015,Small metro,18,706
11/04/2020,02/01/2020,10/31/2020,VA,Carroll County,51035,Noncore,11,204
11/04/2020,02/01/2020,10/31/2020,VA,Chesterfield County,51041,Large fringe metro,91,1963
11/04/2020,02/01/2020,10/31/2020,VA,Culpeper County,51047,Large fringe metro,15,296
11/04/2020,02/01/2020,10/31/2020,VA,Fairfax County,51059,Large fringe metro,527,4441
11/04/2020,02/01/2020,10/31/2020,VA,Fauquier County,51061,Large fringe metro,27,410
11/04/2020,02/01/2020,10/31/2020,VA,Floyd County,51063,Small metro,12,111
11/04/2020,02/01/2020,10/31/2020,VA,Halifax County,51083,Noncore,19,349
11/04/2020,02/01/2020,10/31/2020,VA,Hanover County,51085,Large fringe metro,96,1076
11/04/2020,02/01/2020,10/31/2020,VA,Henrico County,51087,Large fringe metro,221,2775
11/04/2020,02/01/2020,10/31/2020,VA,James City County,51095,Large fringe metro,12,553
11/04/2020,02/01/2020,10/31/2020,VA,Loudoun County,51107,Large fringe metro,134,1461
11/04/2020,02/01/2020,10/31/2020,VA,Mecklenburg County,51117,Noncore,35,387
11/04/2020,02/01/2020,10/31/2020,VA,Middlesex County,51119,Noncore,11,131
11/04/2020,02/01/2020,10/31/2020,VA,Northampton County,51131,Noncore,15,104
11/04/2020,02/01/2020,10/31/2020,VA,Page County,51139,Noncore,24,198
11/04/2020,02/01/2020,10/31/2020,VA,Patrick County,51141,Noncore,13,147
11/04/2020,02/01/2020,10/31/2020,VA,Prince Edward County,51147,Noncore,11,197
11/04/2020,02/01/2020,10/31/2020,VA,Prince William County,51153,Large fringe metro,136,1416
11/04/2020,02/01/2020,10/31/2020,VA,Roanoke County,51161,Medium metro,21,525
11/04/2020,02/01/2020,10/31/2020,VA,Rockingham County,51165,Small metro,57,692
11/04/2020,02/01/2020,10/31/2020,VA,Shenandoah County,51171,Noncore,39,354
11/04/2020,02/01/2020,10/31/2020,VA,Smyth County,51173,Noncore,11,265
11/04/2020,02/01/2020,10/31/2020,VA,Southampton County,51175,Noncore,13,106
11/04/2020,02/01/2020,10/31/2020,VA,Spotsylvania County,51177,Large fringe metro,28,619
11/04/2020,02/01/2020,10/31/2020,VA,Washington County,51191,Medium metro,32,535
11/04/2020,02/01/2020,10/31/2020,VA,York County,51199,Large fringe metro,21,408
11/04/2020,02/01/2020,10/31/2020,VA,Alexandria city,51510,Large central metro,103,718
11/04/2020,02/01/2020,10/31/2020,VA,Charlottesville city,51540,Small metro,65,884
11/04/2020,02/01/2020,10/31/2020,VA,Chesapeake city,51550,Large fringe metro,66,1448
11/04/2020,02/01/2020,10/31/2020,VA,Colonial Heights city,51570,Large fringe metro,11,179
11/04/2020,02/01/2020,10/31/2020,VA,Danville city,51590,Micropolitan,58,657
11/04/2020,02/01/2020,10/31/2020,VA,Emporia city,51595,Noncore,15,92
11/04/2020,02/01/2020,10/31/2020,VA,Franklin city,51620,Noncore,28,135
11/04/2020,02/01/2020,10/31/2020,VA,Fredericksburg city,51630,Large fringe metro,53,689
11/04/2020,02/01/2020,10/31/2020,VA,Galax city,51640,Noncore,39,153
11/04/2020,02/01/2020,10/31/2020,VA,Hampton city,51650,Large fringe metro,36,951
11/04/2020,02/01/2020,10/31/2020,VA,Harrisonburg city,51660,Small metro,16,212
11/04/2020,02/01/2020,10/31/2020,VA,Hopewell city,51670,Large fringe metro,20,260
11/04/2020,02/01/2020,10/31/2020,VA,Lynchburg city,51680,Medium metro,79,1202
11/04/2020,02/01/2020,10/31/2020,VA,Manassas city,51683,Large fringe metro,98,418
11/04/2020,02/01/2020,10/31/2020,VA,Martinsville city,51690,Micropolitan,53,350
11/04/2020,02/01/2020,10/31/2020,VA,Newport News city,51700,Large fringe metro,74,1624
11/04/2020,02/01/2020,10/31/2020,VA,Norfolk city,51710,Large central metro,118,2198
11/04/2020,02/01/2020,10/31/2020,VA,Petersburg city,51730,Large fringe metro,76,646
11/04/2020,02/01/2020,10/31/2020,VA,Portsmouth city,51740,Large fringe metro,68,889
11/04/2020,02/01/2020,10/31/2020,VA,Richmond city,51760,Large central metro,126,2470
11/04/2020,02/01/2020,10/31/2020,VA,Roanoke city,51770,Medium metro,87,1852
11/04/2020,02/01/2020,10/31/2020,VA,Salem city,51775,Medium metro,54,717
11/04/2020,02/01/2020,10/31/2020,VA,Suffolk city,51800,Large fringe metro,91,762
11/04/2020,02/01/2020,10/31/2020,VA,Virginia Beach city,51810,Large central metro,97,2520
11/04/2020,02/01/2020,10/31/2020,VA,Winchester city,51840,Small metro,39,861
11/04/2020,02/01/2020,10/31/2020,VT,Chittenden County,50007,Small metro,50,1284
11/04/2020,02/01/2020,10/31/2020,WA,Benton County,53005,Medium metro,172,1557
11/04/2020,02/01/2020,10/31/2020,WA,Chelan County,53007,Small metro,32,736
11/04/2020,02/01/2020,10/31/2020,WA,Clark County,53011,Large fringe metro,76,3142
11/04/2020,02/01/2020,10/31/2020,WA,Franklin County,53021,Medium metro,36,274
11/04/2020,02/01/2020,10/31/2020,WA,Grant County,53025,Micropolitan,12,450
11/04/2020,02/01/2020,10/31/2020,WA,Grays Harbor County,53027,Micropolitan,10,579
11/04/2020,02/01/2020,10/31/2020,WA,Island County,53029,Micropolitan,13,444
11/04/2020,02/01/2020,10/31/2020,WA,King County,53033,Large central metro,770,11256
11/04/2020,02/01/2020,10/31/2020,WA,Kitsap County,53035,Medium metro,21,1618
11/04/2020,02/01/2020,10/31/2020,WA,Kittitas County,53037,Micropolitan,20,231
11/04/2020,02/01/2020,10/31/2020,WA,Lewis County,53041,Micropolitan,10,626
11/04/2020,02/01/2020,10/31/2020,WA,Pierce County,53053,Large fringe metro,208,5742
11/04/2020,02/01/2020,10/31/2020,WA,Skagit County,53057,Small metro,20,987
11/04/2020,02/01/2020,10/31/2020,WA,Snohomish County,53061,Large fringe metro,179,4253
11/04/2020,02/01/2020,10/31/2020,WA,Spokane County,53063,Medium metro,205,4290
11/04/2020,02/01/2020,10/31/2020,WA,Thurston County,53067,Medium metro,27,1920
11/04/2020,02/01/2020,10/31/2020,WA,Walla Walla County,53071,Small metro,11,486
11/04/2020,02/01/2020,10/31/2020,WA,Whatcom County,53073,Small metro,55,1411
11/04/2020,02/01/2020,10/31/2020,WA,Whitman County,53075,Micropolitan,15,199
11/04/2020,02/01/2020,10/31/2020,WA,Yakima County,53077,Small metro,220,1732
11/04/2020,02/01/2020,10/31/2020,WI,Brown County,55009,Medium metro,137,2152
11/04/2020,02/01/2020,10/31/2020,WI,Chippewa County,55017,Small metro,12,371
11/04/2020,02/01/2020,10/31/2020,WI,Clark County,55019,Noncore,11,211
11/04/2020,02/01/2020,10/31/2020,WI,Dane County,55025,Medium metro,94,3536
11/04/2020,02/01/2020,10/31/2020,WI,Dodge County,55027,Micropolitan,29,703
11/04/2020,02/01/2020,10/31/2020,WI,Eau Claire County,55035,Small metro,22,954
11/04/2020,02/01/2020,10/31/2020,WI,Fond du Lac County,55039,Small metro,24,789
11/04/2020,02/01/2020,10/31/2020,WI,Grant County,55043,Micropolitan,21,339
11/04/2020,02/01/2020,10/31/2020,WI,Kenosha County,55059,Large fringe metro,99,1215
11/04/2020,02/01/2020,10/31/2020,WI,La Crosse County,55063,Small metro,39,1137
11/04/2020,02/01/2020,10/31/2020,WI,Manitowoc County,55071,Micropolitan,12,572
11/04/2020,02/01/2020,10/31/2020,WI,Marathon County,55073,Small metro,69,1183
11/04/2020,02/01/2020,10/31/2020,WI,Marinette County,55075,Micropolitan,12,375
11/04/2020,02/01/2020,10/31/2020,WI,Milwaukee County,55079,Large central metro,571,7853
11/04/2020,02/01/2020,10/31/2020,WI,Outagamie County,55087,Small metro,92,1353
11/04/2020,02/01/2020,10/31/2020,WI,Ozaukee County,55089,Large fringe metro,66,895
11/04/2020,02/01/2020,10/31/2020,WI,Portage County,55097,Micropolitan,11,352
11/04/2020,02/01/2020,10/31/2020,WI,Racine County,55101,Small metro,81,1339
11/04/2020,02/01/2020,10/31/2020,WI,Rock County,55105,Small metro,42,1322
11/04/2020,02/01/2020,10/31/2020,WI,Shawano County,55115,Micropolitan,16,309
11/04/2020,02/01/2020,10/31/2020,WI,Sheboygan County,55117,Small metro,35,900
11/04/2020,02/01/2020,10/31/2020,WI,Walworth County,55127,Micropolitan,36,659
11/04/2020,02/01/2020,10/31/2020,WI,Washington County,55131,Large fringe metro,20,821
11/04/2020,02/01/2020,10/31/2020,WI,Waukesha County,55133,Large fringe metro,118,2789
11/04/2020,02/01/2020,10/31/2020,WI,Waupaca County,55135,Noncore,40,478
11/04/2020,02/01/2020,10/31/2020,WI,Winnebago County,55139,Small metro,51,1347
11/04/2020,02/01/2020,10/31/2020,WI,Wood County,55141,Micropolitan,29,955
11/04/2020,02/01/2020,10/31/2020,WV,Berkeley County,54003,Medium metro,15,711
11/04/2020,02/01/2020,10/31/2020,WV,Cabell County,54011,Medium metro,27,1501
11/04/2020,02/01/2020,10/31/2020,WV,Harrison County,54033,Micropolitan,13,702
11/04/2020,02/01/2020,10/31/2020,WV,Kanawha County,54039,Small metro,134,2366
11/04/2020,02/01/2020,10/31/2020,WV,Logan County,54045,Micropolitan,27,317
11/04/2020,02/01/2020,10/31/2020,WV,Mercer County,54055,Micropolitan,25,590
11/04/2020,02/01/2020,10/31/2020,WV,Monongalia County,54061,Small metro,29,1268
11/04/2020,02/01/2020,10/31/2020,WV,Ohio County,54069,Small metro,20,718
11/04/2020,02/01/2020,10/31/2020,WV,Raleigh County,54081,Small metro,13,969
11/04/2020,02/01/2020,10/31/2020,WV,Wayne County,54099,Medium metro,11,197
11/04/2020,02/01/2020,10/31/2020,WV,Wood County,54107,Small metro,11,755
11/04/2020,02/01/2020,10/31/2020,WY,Natrona County,56025,Small metro,16,699
